{
    "keyboardShortcuts": [
        {
            "name": "Actions",
            "description": "Shortcuts for common actions.",
            "shortcuts": [
                {
                    "keys": [
                        "n"
                    ],
                    "description": "New Tweet"
                },
                {
                    "keys": [
                        "l"
                    ],
                    "description": "Like"
                },
                {
                    "keys": [
                        "r"
                    ],
                    "description": "Reply"
                },
                {
                    "keys": [
                        "t"
                    ],
                    "description": "Retweet"
                },
                {
                    "keys": [
                        "m"
                    ],
                    "description": "Direct message"
                },
                {
                    "keys": [
                        "u"
                    ],
                    "description": "Mute User"
                },
                {
                    "keys": [
                        "b"
                    ],
                    "description": "Block User"
                },
                {
                    "keys": [
                        "Enter"
                    ],
                    "description": "Open Tweet details"
                },
                {
                    "keys": [
                        "o"
                    ],
                    "description": "Expand photo"
                },
                {
                    "keys": [
                        "\/"
                    ],
                    "description": "Search"
                },
                {
                    "keys": [
                        "Ctrl",
                        "Enter"
                    ],
                    "description": "Send Tweet"
                }
            ]
        },
        {
            "name": "Navigation",
            "description": "Shortcuts for navigating between items in timelines.",
            "shortcuts": [
                {
                    "keys": [
                        "?"
                    ],
                    "description": "This menu"
                },
                {
                    "keys": [
                        "j"
                    ],
                    "description": "Next Tweet"
                },
                {
                    "keys": [
                        "k"
                    ],
                    "description": "Previous Tweet"
                },
                {
                    "keys": [
                        "Space"
                    ],
                    "description": "Page down"
                },
                {
                    "keys": [
                        "."
                    ],
                    "description": "Load new Tweets"
                }
            ]
        },
        {
            "name": "Timelines",
            "description": "Shortcuts for navigating to different timelines or pages.",
            "shortcuts": [
                {
                    "keys": [
                        "g",
                        "h"
                    ],
                    "description": "Home"
                },
                {
                    "keys": [
                        "g",
                        "n"
                    ],
                    "description": "Notifications"
                },
                {
                    "keys": [
                        "g",
                        "r"
                    ],
                    "description": "Mentions"
                },
                {
                    "keys": [
                        "g",
                        "p"
                    ],
                    "description": "Profile"
                },
                {
                    "keys": [
                        "g",
                        "l"
                    ],
                    "description": "Likes"
                },
                {
                    "keys": [
                        "g",
                        "i"
                    ],
                    "description": "Lists"
                },
                {
                    "keys": [
                        "g",
                        "m"
                    ],
                    "description": "Messages"
                },
                {
                    "keys": [
                        "g",
                        "s"
                    ],
                    "description": "Settings"
                },
                {
                    "keys": [
                        "g",
                        "u"
                    ],
                    "description": "Go to user\u2026"
                }
            ]
        }
    ],
    "baseFoucClass": "swift-loading",
    "bodyFoucClassNames": "swift-loading no-nav-banners",
    "assetsBasePath": "https:\/\/abs.twimg.com\/a\/1528780334\/",
    "assetVersionKey": "a6c645",
    "emojiAssetsPath": "https:\/\/abs.twimg.com\/emoji\/v2\/72x72\/",
    "environment": "production",
    "formAuthenticityToken": "a4de14179e999969b2b5a724e428f6b4325eee33",
    "loggedIn": true,
    "screenName": "BlockchainKai",
    "fullName": "Ratel",
    "userId": "817324546772570114",
    "guestId": "152788935957049051",
    "createdAt": 1483700331922,
    "needsPhoneVerification": false,
    "allowAdsPersonalization": true,
    "scribeBufferSize": 3,
    "pageName": "home",
    "sectionName": "home",
    "scribeParameters": {
        "lang": "en"
    },
    "recaptchaApiUrl": "https:\/\/www.google.com\/recaptcha\/api\/js\/recaptcha_ajax.js",
    "internalReferer": "\/",
    "geoEnabled": false,
    "typeaheadData": {
        "accounts": {
            "enabled": true,
            "localQueriesEnabled": true,
            "remoteQueriesEnabled": true,
            "limit": 6
        },
        "trendLocations": {
            "enabled": true
        },
        "dmConversations": {
            "enabled": true
        },
        "followedSearches": {
            "enabled": false
        },
        "savedSearches": {
            "enabled": true,
            "items": []
        },
        "dmAccounts": {
            "enabled": true,
            "localQueriesEnabled": true,
            "remoteQueriesEnabled": true,
            "onlyDMable": true
        },
        "mediaTagAccounts": {
            "enabled": true,
            "localQueriesEnabled": true,
            "remoteQueriesEnabled": true,
            "onlyShowUsersWithCanMediaTag": false,
            "currentUserId": 817324546772570114
        },
        "selectedUsers": {
            "enabled": true
        },
        "prefillUsers": {
            "enabled": true
        },
        "topics": {
            "enabled": true,
            "localQueriesEnabled": false,
            "remoteQueriesEnabled": true,
            "prefetchLimit": 500,
            "limit": 4
        },
        "concierge": {
            "enabled": false,
            "localQueriesEnabled": false,
            "remoteQueriesEnabled": false,
            "prefetchLimit": 500,
            "limit": 6
        },
        "recentSearches": {
            "enabled": true
        },
        "hashtags": {
            "enabled": true,
            "localQueriesEnabled": false,
            "remoteQueriesEnabled": true,
            "prefetchLimit": 500
        },
        "useIndexedDB": false,
        "showSearchAccountSocialContext": true,
        "showDebugInfo": false,
        "useThrottle": true,
        "accountsOnTop": false,
        "remoteDebounceInterval": 300,
        "remoteThrottleInterval": 300,
        "tweetContextEnabled": false,
        "fullNameMatchingInCompose": true,
        "topicsWithFiltersEnabled": true
    },
    "shellReferrer": null,
    "dm": {
        "notifications": false,
        "usePushForNotifications": true,
        "participant_max": 50,
        "welcome_message_add_to_conversation_enabled": true,
        "poll_options": {
            "foreground_poll_interval": 3000,
            "burst_poll_interval": 3000,
            "burst_poll_duration": 300000,
            "max_poll_interval": 60000
        },
        "card_prefetch": true,
        "card_prefetch_interval_in_seconds": 2000,
        "dm_quick_reply_options_panel_dismiss_in_ms": 2000,
        "open_dm_enabled": false
    },
    "autoplayDisabled": false,
    "pushStatePageLimit": 500000,
    "routes": {
        "profile": "\/BlockchainKai"
    },
    "pushState": true,
    "viewContainer": "#page-container",
    "href": "\/",
    "searchPathWithQuery": "\/search?q=query&src=typd",
    "composeAltText": false,
    "night_mode_activated": true,
    "user_color": "1DA1F2",
    "deciders": {
        "gdprAgeGateDialog": true,
        "gdprSoftBounceDialog": true,
        "geo_picker_incident_reset": true,
        "custom_timeline_curation": false,
        "native_notifications": true,
        "disable_ajax_datatype_default_to_text": false,
        "dm_polling_frequency_in_seconds": 3000,
        "dm_granular_mute_controls": true,
        "enable_media_tag_prefetch": true,
        "enableMacawNymizerConversionLanding": false,
        "hqImageUploads": false,
        "live_pipeline_consume": true,
        "mqImageUploads": false,
        "partnerIdSyncEnabled": true,
        "sruMediaCategory": true,
        "photoSruGifLimitMb": 15,
        "promoted_logging_force_post": true,
        "promoted_video_logging_enabled": true,
        "pushState": true,
        "emojiNewCategory": false,
        "contentEditablePlainTextOnly": false,
        "web_client_api_stats": true,
        "web_perftown_stats": true,
        "web_perftown_ttft": false,
        "web_client_events_ttft": true,
        "log_push_state_ttft_metrics": true,
        "web_sru_stats": false,
        "web_upload_video": true,
        "web_upload_video_advanced": false,
        "upload_video_size": 500,
        "useVmapVariants": false,
        "autoplayPreviewPreroll": true,
        "moments_home_module": false,
        "moments_lohp_enabled": true,
        "enableNativePush": true,
        "autoSubscribeNativePush": false,
        "allowWebPushVapidUpgrade": true,
        "stickersInteractivity": true,
        "stickersInteractivityDuringLoading": true,
        "stickersExperience": true,
        "dynamic_video_ads_include_long_videos": true,
        "push_state_size": 1000,
        "live_video_media_control_enabled": false,
        "cards2_enable_periscope_card_transition": true,
        "use_api_for_retweet_and_unretweet": false,
        "use_api_for_follow_and_unfollow": true,
        "edge_probe_enabled": false,
        "like_over_http_client": true,
        "enable_inline_location": true,
        "enable_tweetstorm_creation": true,
        "enable_tweetstorm_drafts": false,
        "enable_tweetstorm_tooltip": true,
        "text_length_for_tweetstorm_tooltip": 50,
        "dm_report_webview_macaw_swift_enabled": true,
        "page_title_unread_notification_count": false,
        "page_title_badge_after_unread_tweets": 20
    },
    "experiments": {},
    "toasts_dm": true,
    "toasts_timeline": false,
    "toasts_dm_poll_scale": 60,
    "defaultNotificationIcon": "https:\/\/abs.twimg.com\/a\/1528780334\/img\/t1\/mobile\/wp7_app_icon.png",
    "promptbirdData": {
        "promptbirdEnabled": true,
        "immediateTriggers": [
            "PullToRefresh",
            "Navigate"
        ],
        "format": "HomeTimeline"
    },
    "deviceEnabled": false,
    "hasPushDevice": false,
    "smsDeviceVerified": false,
    "skipAutoSignupDialog": false,
    "shouldReplaceSignupWithLogin": true,
    "hashflagBaseUrl": "https:\/\/abs.twimg.com\/hashflags\/",
    "activeHashflags": {
        "growtogether": "GrowTogether_v4\/GrowTogether_v4.png",
        "loveisland": "LoveIsland2018_Flight1\/LoveIsland2018_Flight1.png",
        "payecommezlatan": "Visa_WorldCup2018_v2\/Visa_WorldCup2018_v2.png",
        "beashinboner": "BeAShinboner\/BeAShinboner.png",
        "مسابقة_العربية_للعود": "ArabianOud2018\/ArabianOud2018.png",
        "jurassicworldfallenkingdom": "Jurassic_World_emoji_v3\/Jurassic_World_emoji_v3.png",
        "michaelmyersmondays": "HalloweenMovie_2018\/HalloweenMovie_2018.png",
        "bemorepirate": "seaofthieves\/seaofthieves.png",
        "nuestracopa": "Cruzcampo_2018\/Cruzcampo_2018.png",
        "स्वाभिमान_जुलूस": "TwitterOpen_Pride2018\/TwitterOpen_Pride2018.png",
        "cmtmusicawards": "CMTAwards2018_v2\/CMTAwards2018_v2.png",
        "mymammamia": "MammaMia2_v3\/MammaMia2_v3.png",
        "cabelopantene": "CabeloPanten\/CabeloPanten.png",
        "سديم_عالمي": "digitallabsUAE\/digitallabsUAE.png",
        "incrediblesevent": "incredibles2_v5\/incredibles2_v5.png",
        "justask": "AmazonEchoIndiav2\/AmazonEchoIndiav2.png",
        "kathnielforvivo": "Kathniel\/Kathniel.png",
        "roséwine": "NationalRoseDay2018\/NationalRoseDay2018.png",
        "blindal": "Deadpool2_BlindAl\/Deadpool2_BlindAl.png",
        "thewasp": "Disney_TheWasp_2018\/Disney_TheWasp_2018.png",
        "バチェラージャパン": "BachelorJapanS2_v2\/BachelorJapanS2_v2.png",
        "freesmurf": "TNTAnimalKingdomS3\/TNTAnimalKingdomS3.png",
        "abrazodegoles": "ClaroPeru2018_v2\/ClaroPeru2018_v2.png",
        "スクフェスシリーズ5周年": "Klabemoji\/Klabemoji.png",
        "प्यार_की_जीत": "TwitterOpen_Pride2018\/TwitterOpen_Pride2018.png",
        "ger": "WorldCup_Germany_v2\/WorldCup_Germany_v2.png",
        "cmgngmtoddy": "ToddyBrasil_2018\/ToddyBrasil_2018.png",
        "debatedeldebate": "MXDebates2018\/MXDebates2018.png",
        "worldcup": "WorldCup_2018\/WorldCup_2018.png",
        "teamjurassic": "JurassicWorld_FallenKingdom_DinoDay_v2\/JurassicWorld_FallenKingdom_DinoDay_v2.png",
        "debateine": "MXDebates2018\/MXDebates2018.png",
        "heretheycome": "NBA_2017_18_PHI\/NBA_2017_18_PHI.png",
        "انت_بطل": "BeYourOwnChampion_WorldCup\/BeYourOwnChampion_WorldCup.png",
        "frozone": "Frozone\/Frozone.png",
        "츄바카": "StarWarsSolo_Chewie_v2\/StarWarsSolo_Chewie_v2.png",
        "রমজান": "Ramadan2018_Main\/Ramadan2018_Main.png",
        "micheladaclamato": "Clamato_2018\/Clamato_2018.png",
        "porcinet": "ChristopherRobin_Piglet2018\/ChristopherRobin_Piglet2018.png",
        "okuldışarıdagünü": "DirtIsGood_Persil\/DirtIsGood_Persil.png",
        "desfileorgullo": "TwitterOpen_Pride2018\/TwitterOpen_Pride2018.png",
        "ballparkburger": "BallparkHotDog2018\/BallparkHotDog2018.png",
        "エアアジア": "AirAsia2018_v2\/AirAsia2018_v2.png",
        "ballparkhotdog": "BallparkHotDog2018\/BallparkHotDog2018.png",
        "에드나모드": "Ednamode_v3\/Ednamode_v3.png",
        "nadanosdetiene": "WorldCup_Mexico_v3\/WorldCup_Mexico_v3.png",
        "timesup": "TimesUp_v2\/TimesUp_v2.png",
        "thealienist": "TNT-Alienist\/TNT-Alienist.png",
        "labarramaspower": "Entel_Mundial_Peru_v2\/Entel_Mundial_Peru_v2.png",
        "ハンソロ": "StarWarsSolo_HanSolo\/StarWarsSolo_HanSolo.png",
        "روسيا2018": "WorldCup_2018\/WorldCup_2018.png",
        "nacaradogol": "UberWorldCup_2018\/UberWorldCup_2018.png",
        "eljettadetuvida": "ElJettaDeTuVida\/ElJettaDeTuVida.png",
        "613투표": "KoreanLocalElections2018\/KoreanLocalElections2018.png",
        "totalbedlam": "Deadpool2_Bedlam\/Deadpool2_Bedlam.png",
        "イラストリアス生誕祭": "JapanAzurlane2018_v3\/JapanAzurlane2018_v3.png",
        "イーヨー": "ChristopherRobin_Eeyore2018\/ChristopherRobin_Eeyore2018.png",
        "fathersday": "FathersDay2018\/FathersDay2018.png",
        "juegueargentina": "Naranja_Argentina_WorldCup\/Naranja_Argentina_WorldCup.png",
        "프라이드2018": "TwitterOpen_Pride2018\/TwitterOpen_Pride2018.png",
        "dirtywater": "redsox2018_v2\/redsox2018_v2.png",
        "suncoastproud": "SuperNetball_SunCoastProud\/SuperNetball_SunCoastProud.png",
        "flickertourlive": "NiallHoran2018\/NiallHoran2018.png",
        "بصمة": "ArabianOud2018\/ArabianOud2018.png",
        "animalkingdomtnt": "TNTAnimalKingdomS3\/TNTAnimalKingdomS3.png",
        "hereditary": "A24_Hereditary2018\/A24_Hereditary2018.png",
        "mntwins": "MinnesotaTwins2018\/MinnesotaTwins2018.png",
        "インクレディブルファミリー": "incredibles2_v5\/incredibles2_v5.png",
        "نصيحة_ناس": "Flynas2018_v2\/Flynas2018_v2.png",
        "pridemonth": "TwitterOpen_Pride2018_PrideMonth\/TwitterOpen_Pride2018_PrideMonth.png",
        "owlmvp": "TmobileOWLMVP\/TmobileOWLMVP.png",
        "プーさん": "ChristopherRobin_Pooh2018\/ChristopherRobin_Pooh2018.png",
        "yovotoporque": "MexicoCityElections18\/MexicoCityElections18.png",
        "superflymovie": "SuperflyMovie2018\/SuperflyMovie2018.png",
        "ió": "ChristopherRobin_Eeyore2018\/ChristopherRobin_Eeyore2018.png",
        "dopinder": "Deadpool2_Dopinder\/Deadpool2_Dopinder.png",
        "thenunpt": "TheNunMovie_2018\/TheNunMovie_2018.png",
        "amoréamor": "TwitterOpen_Pride2018\/TwitterOpen_Pride2018.png",
        "volvióel3x10": "CristalPeruMundial\/CristalPeruMundial.png",
        "stopcyberbullyingday": "StopCyberBullyingDay_2018\/StopCyberBullyingDay_2018.png",
        "myersmonday": "HalloweenMovie_2018\/HalloweenMovie_2018.png",
        "frose": "NationalRoseDay2018\/NationalRoseDay2018.png",
        "gobolts": "NHL_2017_2018_Lightning_v2\/NHL_2017_2018_Lightning_v2.png",
        "hinchasincondicionales": "MundialMovistar2018_v2\/MundialMovistar2018_v2.png",
        "drunkhistory": "DrunkHistory_2018\/DrunkHistory_2018.png",
        "wnba": "WNBALeagueEmoji\/WNBALeagueEmoji.png",
        "juegaméxico": "coronafutbol2018\/coronafutbol2018.png",
        "ihm": "ImmigrantHeritageMonth_2018\/ImmigrantHeritageMonth_2018.png",
        "halloweenmovie": "HalloweenMovie_2018\/HalloweenMovie_2018.png",
        "periscope": "Periscope\/Periscope.png",
        "jurassiclondon": "Jurassic_World_emoji_v3\/Jurassic_World_emoji_v3.png",
        "wantafanta": "FantaSummer2018_WantaFanta\/FantaSummer2018_WantaFanta.png",
        "dashparr": "incredibles2_v5\/incredibles2_v5.png",
        "gokingsgo": "NHL_2017_2018_LAKings_v2\/NHL_2017_2018_LAKings_v2.png",
        "アズレンtv": "JapanAzurlaneWeather\/JapanAzurlaneWeather.png",
        "nbafinalssp": "NBAFinalsSP2018\/NBAFinalsSP2018.png",
        "marchforourlivesspotlight": "MarchforOurLivesSpotlight\/MarchforOurLivesSpotlight.png",
        "فانوس": "Ramadan2018_Lantern_v2\/Ramadan2018_Lantern_v2.png",
        "roséallday": "NationalRoseDay2018\/NationalRoseDay2018.png",
        "chewbacca": "StarWarsSolo_Chewie_v2\/StarWarsSolo_Chewie_v2.png",
        "ifeelprettyfilm": "feelpretty_v2\/feelpretty_v2.png",
        "jbfa": "JamesBeardAwards2018\/JamesBeardAwards2018.png",
        "orgullo": "TwitterOpen_Pride2018\/TwitterOpen_Pride2018.png",
        "violetaparr": "incredibles2_v5\/incredibles2_v5.png",
        "bestoftweets": "BestofTweets2018\/BestofTweets2018.png",
        "whatisfly": "SuperflyMovie2018\/SuperflyMovie2018.png",
        "nialllive": "NiallHoran2018\/NiallHoran2018.png",
        "superflylook": "SuperflyMovie2018\/SuperflyMovie2018.png",
        "animalifantastici": "fantasticbeasts_v3\/fantasticbeasts_v3.png",
        "jackjackparr": "JackJack_2\/JackJack_2.png",
        "animauxfantastiques": "fantasticbeasts_v3\/fantasticbeasts_v3.png",
        "真爱无敌": "TwitterOpen_Pride2018\/TwitterOpen_Pride2018.png",
        "theantman": "Disney_AntManMovie_2018\/Disney_AntManMovie_2018.png",
        "rolltide": "Alabama_CFBPlayoff_Teamv3\/Alabama_CFBPlayoff_Teamv3.png",
        "بطل_جنب_بطلة": "HeroNextToHero\/HeroNextToHero.png",
        "lovetwitter": "LoveTwitter\/LoveTwitter.png",
        "もしもマンガが全巻無料なら": "NTTSolmare2018_v2\/NTTSolmare2018_v2.png",
        "суперсемейка2": "incredibles2_v5\/incredibles2_v5.png",
        "firstnations": "IndigenousPeoplesDayCA_2018_v3\/IndigenousPeoplesDayCA_2018_v3.png",
        "endalz": "AlzheimersAssociation2018_v2\/AlzheimersAssociation2018_v2.png",
        "detroitbasketball": "NBA_2017_18_DET\/NBA_2017_18_DET.png",
        "тигруля": "ChristopherRobin_Tigger2018\/ChristopherRobin_Tigger2018.png",
        "scotiarewardsyou": "scotiabankswish\/scotiabankswish.png",
        "demuestraquecrees": "CocaColaMXWorldCup2018\/CocaColaMXWorldCup2018.png",
        "rootedinoakland": "OaklandAthletics2018\/OaklandAthletics2018.png",
        "texasrangers": "TexasRangers2018\/TexasRangers2018.png",
        "volvooceanrace": "VolvoOceanRace\/VolvoOceanRace.png",
        "dimamaghreb": "WorldCup_Morocco_v2\/WorldCup_Morocco_v2.png",
        "tebancamosselección": "Naranja_Argentina_WorldCup\/Naranja_Argentina_WorldCup.png",
        "mammamia": "MammaMia2_v3\/MammaMia2_v3.png",
        "ungolunpotrero": "Naranja_Argentina_WorldCup\/Naranja_Argentina_WorldCup.png",
        "cbj": "NHL_2017_2018_BlueJackets_v2\/NHL_2017_2018_BlueJackets_v2.png",
        "piensoyvoto": "MXvoterengagement2018\/MXvoterengagement2018.png",
        "인크레더블2": "incredibles2_v5\/incredibles2_v5.png",
        "آية_وقيمة": "MiskValues2018\/MiskValues2018.png",
        "espejopublico": "EspejoPublico_2017_2018\/EspejoPublico_2017_2018.png",
        "骄傲游行": "TwitterOpen_Pride2018\/TwitterOpen_Pride2018.png",
        "badisbred": "TNTAnimalKingdomS3\/TNTAnimalKingdomS3.png",
        "losincreíbles2": "incredibles2_v5\/incredibles2_v5.png",
        "suhurramadan": "Ramadan2018_Iftar_v2\/Ramadan2018_Iftar_v2.png",
        "nowwerise": "NHL_2017_2018_NJDevils_v2\/NHL_2017_2018_NJDevils_v2.png",
        "روزنامة_رمضان": "GeneralEntertainmentAuthority2018_v2\/GeneralEntertainmentAuthority2018_v2.png",
        "amazonecho": "AmazonEchoIndiav2\/AmazonEchoIndiav2.png",
        "chewie": "StarWarsSolo_Chewie_v2\/StarWarsSolo_Chewie_v2.png",
        "stanleycup": "StanleyCup2018\/StanleyCup2018.png",
        "soloastarwarsstory": "StarWarsSolo_HanSolo\/StarWarsSolo_HanSolo.png",
        "nba": "NBA_2017_18_NBA\/NBA_2017_18_NBA.png",
        "rockies25th": "ColoradoRockies2018\/ColoradoRockies2018.png",
        "медвежоноквинни": "ChristopherRobin_Pooh2018\/ChristopherRobin_Pooh2018.png",
        "nocapes": "Ednamode_v3\/Ednamode_v3.png",
        "billions": "billions-showtime\/billions-showtime.png",
        "bethechange": "BeTheChange_v2\/BeTheChange_v2.png",
        "лэндо": "StarWarsSolo_Lando\/StarWarsSolo_Lando.png",
        "canadiandream": "ChevroletCanadianDream2018\/ChevroletCanadianDream2018.png",
        "tun": "WorldCup_Tunisia_v2\/WorldCup_Tunisia_v2.png",
        "followtheball": "waltdisneyoscars2018\/waltdisneyoscars2018.png",
        "valla": "FranceBlizzardOWL_LAValiant\/FranceBlizzardOWL_LAValiant.png",
        "comigoninguémtoddy": "ToddyBrasil_ComigoNinguemToddy\/ToddyBrasil_ComigoNinguemToddy.png",
        "teamaxe": "billions-showtime\/billions-showtime.png",
        "avec3millions": "FDJWorldCup2018\/FDJWorldCup2018.png",
        "افطار": "Ramadan2018_Iftar_v2\/Ramadan2018_Iftar_v2.png",
        "tigro": "ChristopherRobin_Tigger2018\/ChristopherRobin_Tigger2018.png",
        "statebankofindia": "SBIBank_v3\/SBIBank_v3.png",
        "movietvawards": "MTVMovieAwards2018\/MTVMovieAwards2018.png",
        "출동준비완료": "incredibles2_v5\/incredibles2_v5.png",
        "shieldsup": "FranceBlizzardOWL_LAGladiators\/FranceBlizzardOWL_LAGladiators.png",
        "millenniumfalcon": "StarWarsSolo_Chewie_v2\/StarWarsSolo_Chewie_v2.png",
        "senhorincrível": "MrIncredible\/MrIncredible.png",
        "صقورنا_قدها": "SaudiAirline_2018\/SaudiAirline_2018.png",
        "eleccionescolombia": "colombianelection2018\/colombianelection2018.png",
        "elastigirl": "MrsIncredible\/MrsIncredible.png",
        "loveislandaftersun": "LoveIsland2018_Flight1\/LoveIsland2018_Flight1.png",
        "goavsgo": "NHL_2017_2018_COAvalanche_v2\/NHL_2017_2018_COAvalanche_v2.png",
        "unmomentoespecial": "ABIMexico_ModeloCafe\/ABIMexico_ModeloCafe.png",
        "ダブルウェア": "EsteeLauder_DoubleWear\/EsteeLauder_DoubleWear.png",
        "somosnuevaraza": "Bancolombia_SomosNuevaRaza\/Bancolombia_SomosNuevaRaza.png",
        "onurhaftası": "TwitterOpen_Pride2018\/TwitterOpen_Pride2018.png",
        "mercwithamouth": "Deadpool2_Deadpool\/Deadpool2_Deadpool.png",
        "labarramáspower": "Entel_Mundial_Peru_v2\/Entel_Mundial_Peru_v2.png",
        "7afl": "AFL2018\/AFL2018.png",
        "فوانيس_رمضان": "Ramadan2018_Lantern_v2\/Ramadan2018_Lantern_v2.png",
        "michelada": "Clamato_2018\/Clamato_2018.png",
        "amtodmbfn": "BuzzFeedMorning_v3\/BuzzFeedMorning_v3.png",
        "bachelorjapan": "BachelorJapanS2_v2\/BachelorJapanS2_v2.png",
        "produitsbio": "FranceFleuryMichon\/FranceFleuryMichon.png",
        "torcidan1": "brahma\/brahma.png",
        "sxswestworld": "Westworld2MidSeason\/Westworld2MidSeason.png",
        "asksweetbitter": "STARZSweetbitter18\/STARZSweetbitter18.png",
        "mammamia2movie": "MammaMia2_v3\/MammaMia2_v3.png",
        "juntosmiami": "MiamiMarlins2018\/MiamiMarlins2018.png",
        "爱就是爱": "TwitterOpen_Pride2018\/TwitterOpen_Pride2018.png",
        "suhour": "Ramadan2018_Iftar_v2\/Ramadan2018_Iftar_v2.png",
        "myxmusicawards2018": "MYXMusicAwards2018\/MYXMusicAwards2018.png",
        "ekstracashback": "TokopediaRamadan2018_v2\/TokopediaRamadan2018_v2.png",
        "toystoryland": "waltdisneyoscars2018\/waltdisneyoscars2018.png",
        "onthebus": "NRLTigers2018\/NRLTigers2018.png",
        "allontheline": "SuperNetball_Allontheline\/SuperNetball_Allontheline.png",
        "btsxspotify": "SpotifyBTS2018_v2\/SpotifyBTS2018_v2.png",
        "fallenkingdom": "Jurassic_World_emoji_v3\/Jurassic_World_emoji_v3.png",
        "onurhaftası2018": "TwitterOpen_Pride2018\/TwitterOpen_Pride2018.png",
        "마이베스트일레븐": "MyBestEleven2018\/MyBestEleven2018.png",
        "613지방선거": "KoreanLocalElections2018\/KoreanLocalElections2018.png",
        "jurassicnight": "JurassicWorld_FallenKingdom_DinoDay_v2\/JurassicWorld_FallenKingdom_DinoDay_v2.png",
        "flamingpride": "WorldCup_Croatia_v2\/WorldCup_Croatia_v2.png",
        "アントマン": "Disney_Antman_2018\/Disney_Antman_2018.png",
        "letsgobucs": "PittsburghPirates2018\/PittsburghPirates2018.png",
        "مسابقة_طيران_ناس": "Flynas2018_v2\/Flynas2018_v2.png",
        "фиалкапарр": "incredibles2_v5\/incredibles2_v5.png",
        "جمعية_زمزم_لجسد_واحد": "ZamzamSociety2018\/ZamzamSociety2018.png",
        "seaofthieves": "seaofthieves\/seaofthieves.png",
        "ittakeseverything": "NBA_2017_18_LAC\/NBA_2017_18_LAC.png",
        "shineeisback": "SHINee10thAnniversary_Extension_v2\/SHINee10thAnniversary_Extension_v2.png",
        "rosé": "NationalRoseDay2018\/NationalRoseDay2018.png",
        "waspwings": "Disney_TheWasp_2018\/Disney_TheWasp_2018.png",
        "ワスプ": "Disney_TheWasp_2018\/Disney_TheWasp_2018.png",
        "स्वाभिमान": "TwitterOpen_Pride2018\/TwitterOpen_Pride2018.png",
        "aus": "WorldCup_Australia_v2\/WorldCup_Australia_v2.png",
        "mammamiaherewegoagain": "MammaMia2_v3\/MammaMia2_v3.png",
        "gliincredibili2": "incredibles2_v5\/incredibles2_v5.png",
        "оса": "Disney_TheWasp_2018\/Disney_TheWasp_2018.png",
        "3lionsroar": "WilliamHillWorldCup2018\/WilliamHillWorldCup2018.png",
        "투표인증": "KoreanLocalElections2018\/KoreanLocalElections2018.png",
        "alentadoresseriales": "YPHArgentina_WorldCup\/YPHArgentina_WorldCup.png",
        "amtodm": "BuzzFeedMorning_v3\/BuzzFeedMorning_v3.png",
        "maythefourth": "StarWarsSolo_Chewie_v2\/StarWarsSolo_Chewie_v2.png",
        "qira": "StarWarsSolo_Qira\/StarWarsSolo_Qira.png",
        "bukapuasa": "Ramadan2018_Iftar_v2\/Ramadan2018_Iftar_v2.png",
        "estesíesdebate": "MXcitydebate2018\/MXcitydebate2018.png",
        "got7": "GOT7WORLDTOUR_2018\/GOT7WORLDTOUR_2018.png",
        "doitbigger": "NBAPelicans2018\/NBAPelicans2018.png",
        "thematriline": "A24_Hereditary2018\/A24_Hereditary2018.png",
        "orgulholgbt": "TwitterOpen_Pride2018\/TwitterOpen_Pride2018.png",
        "sienteelsabor": "CocaColaMXWorldCup2018\/CocaColaMXWorldCup2018.png",
        "iamopl": "iamopl_v2\/iamopl_v2.png",
        "shocktheworld": "FranceBlizzardOWL_SanFrancisco\/FranceBlizzardOWL_SanFrancisco.png",
        "redtogether": "WorldCup_Belgium_v2\/WorldCup_Belgium_v2.png",
        "นักบอลแซ่บ": "KbankxWorldcup\/KbankxWorldcup.png",
        "fearthedeer": "NBA_2017_18_MIL\/NBA_2017_18_MIL.png",
        "am2dmbf": "BuzzFeedMorning_v3\/BuzzFeedMorning_v3.png",
        "thevoiceau": "TheVoiceAU2018\/TheVoiceAU2018.png",
        "orlovi": "WorldCup_Serbia_v2\/WorldCup_Serbia_v2.png",
        "mrincreíble": "MrIncredible\/MrIncredible.png",
        "rêvecanadien": "ChevroletCanadianDream2018\/ChevroletCanadianDream2018.png",
        "ramadan_lanterns": "Ramadan2018_Lantern_v2\/Ramadan2018_Lantern_v2.png",
        "itseeyore": "ChristopherRobin_Eeyore2018\/ChristopherRobin_Eeyore2018.png",
        "дэшпарр": "incredibles2_v5\/incredibles2_v5.png",
        "nga": "WorldCup_Nigeria_v2\/WorldCup_Nigeria_v2.png",
        "sahur": "Ramadan2018_Iftar_v2\/Ramadan2018_Iftar_v2.png",
        "hansolo": "StarWarsSolo_HanSolo\/StarWarsSolo_HanSolo.png",
        "celebrateimmigrants": "ImmigrantHeritageMonth_2018\/ImmigrantHeritageMonth_2018.png",
        "赤城爆誕祭": "JapanAzurlane2018_v4\/JapanAzurlane2018_v4.png",
        "tictocnews": "bloombergtictoc2018\/bloombergtictoc2018.png",
        "thefourfox": "Fox_TheFour_Season2\/Fox_TheFour_Season2.png",
        "winniepuuh": "ChristopherRobin_Pooh2018\/ChristopherRobin_Pooh2018.png",
        "violetparr": "incredibles2_v5\/incredibles2_v5.png",
        "любовьэтолюбовь": "TwitterOpen_Pride2018\/TwitterOpen_Pride2018.png",
        "ramadanekstra": "TokopediaRamadan2018_v2\/TokopediaRamadan2018_v2.png",
        "ガチ勢応援": "GatsbyDeo2018\/GatsbyDeo2018.png",
        "sharkteam": "Sharkteam\/Sharkteam.png",
        "manbooker50": "ManBookerPrize50\/ManBookerPrize50.png",
        "conqueryourdream": "WorldCup_Portugal_v2\/WorldCup_Portugal_v2.png",
        "rusia2018xmovistarplay": "Rusia2018xMovistarPlay\/Rusia2018xMovistarPlay.png",
        "hereditarymovie": "A24_Hereditary2018\/A24_Hereditary2018.png",
        "alômãe": "BrazilWorldCup2018_AloMae_v3\/BrazilWorldCup2018_AloMae_v3.png",
        "amorgana": "TwitterOpen_Pride2018\/TwitterOpen_Pride2018.png",
        "sorrytobotheryou": "SorryToBotherYou2018\/SorryToBotherYou2018.png",
        "amoresamor": "TwitterOpen_Pride2018\/TwitterOpen_Pride2018.png",
        "per": "WorldCup_Peru_v2\/WorldCup_Peru_v2.png",
        "kraftbearhugs": "KraftPeanutButterBears_Flight2\/KraftPeanutButterBears_Flight2.png",
        "جرير_توصل": "Jarir2018\/Jarir2018.png",
        "jurassic": "Jurassic_World_emoji_v3\/Jurassic_World_emoji_v3.png",
        "beardawards": "JamesBeardAwards2018\/JamesBeardAwards2018.png",
        "supertroopers": "SuperTroopers2\/SuperTroopers2.png",
        "walk2endalz": "AlzheimersAssociation2018_v2\/AlzheimersAssociation2018_v2.png",
        "endalzheimers": "AlzheimersAssociation2018_v2\/AlzheimersAssociation2018_v2.png",
        "sevgikazanır": "TwitterOpen_Pride2018\/TwitterOpen_Pride2018.png",
        "nationaldinoday": "JurassicWorld_FallenKingdom_DinoDay_v2\/JurassicWorld_FallenKingdom_DinoDay_v2.png",
        "zeitgeist116": "Deadpool2_Zeitgeist\/Deadpool2_Zeitgeist.png",
        "violettaparr": "incredibles2_v5\/incredibles2_v5.png",
        "piedpiper": "SiliconValleyHBO2018\/SiliconValleyHBO2018.png",
        "premiosmtvmiaw": "MTVMiawAwardsBR2018\/MTVMiawAwardsBR2018.png",
        "incrediblesday": "incredibles2_v5\/incredibles2_v5.png",
        "knicks": "NBA_2017_18_NYK\/NBA_2017_18_NYK.png",
        "アナザーエデン1周年": "catemoji_v2\/catemoji_v2.png",
        "chaostakescontrol": "westworldpremiere2018\/westworldpremiere2018.png",
        "アズレンタンブラー": "JapanAzurlaneWeather\/JapanAzurlaneWeather.png",
        "fantasticbeasts": "fantasticbeasts_v3\/fantasticbeasts_v3.png",
        "प्यार_तो_प्यार_है": "TwitterOpen_Pride2018\/TwitterOpen_Pride2018.png",
        "scratchoftheday": "WilliamHillWorldCup2018\/WilliamHillWorldCup2018.png",
        "bluejays": "TorontoBlueJays2018_v3\/TorontoBlueJays2018_v3.png",
        "مفاجات_وااو": "SAIB\/SAIB.png",
        "thatssuperfly": "SuperflyMovie2018\/SuperflyMovie2018.png",
        "adoptadino": "JurassicWorld_FallenKingdom_DinoDay_v2\/JurassicWorld_FallenKingdom_DinoDay_v2.png",
        "winniethepooh": "ChristopherRobin_Pooh2018\/ChristopherRobin_Pooh2018.png",
        "mammamiafilm": "MammaMia2_v3\/MammaMia2_v3.png",
        "iaytsa": "tecatemundial_v2\/tecatemundial_v2.png",
        "siliconhbo": "SiliconValleyHBO2018\/SiliconValleyHBO2018.png",
        "doitbig": "NBA_2017_18_NOP\/NBA_2017_18_NOP.png",
        "prixbestoftweets": "BestofTweets2018\/BestofTweets2018.png",
        "ballparkgrillin": "BallparkHotDog2018\/BallparkHotDog2018.png",
        "بطاقة_كفاءة_الطاقة": "SaudiEnergyEfficiencyCenter\/SaudiEnergyEfficiencyCenter.png",
        "maythefourthbewithyou": "StarWarsSolo_Chewie_v2\/StarWarsSolo_Chewie_v2.png",
        "debatechilango": "MXcitydebate2018\/MXcitydebate2018.png",
        "landocalrissian": "StarWarsSolo_Lando\/StarWarsSolo_Lando.png",
        "みんなでシャンシャン5周年": "LoveLiveKlab2018\/LoveLiveKlab2018.png",
        "redv": "NRLRedV2018\/NRLRedV2018.png",
        "прайд2018": "TwitterOpen_Pride2018\/TwitterOpen_Pride2018.png",
        "앤트맨": "Disney_Antman_2018\/Disney_Antman_2018.png",
        "tundrapower": "TundraPower2018_v3\/TundraPower2018_v3.png",
        "sweetbittertv": "STARZSweetbitter18\/STARZSweetbitter18.png",
        "rallytogether": "Cleveland2018\/Cleveland2018.png",
        "mentellall": "TheBachelorette2018\/TheBachelorette2018.png",
        "suhur": "Ramadan2018_Iftar_v2\/Ramadan2018_Iftar_v2.png",
        "westworld": "Westworld2MidSeason\/Westworld2MidSeason.png",
        "starwarsday": "StarWarsSolo_HanSolo\/StarWarsSolo_HanSolo.png",
        "buzzcity": "NBA_2017_18_CHA\/NBA_2017_18_CHA.png",
        "mrindestructible": "MrIncredible\/MrIncredible.png",
        "pagacomozlatan": "Visa_WorldCup2018_v2\/Visa_WorldCup2018_v2.png",
        "bostonup": "FranceBlizzardOWL_Boston\/FranceBlizzardOWL_Boston.png",
        "everybodyin": "ChicagoCubs2018\/ChicagoCubs2018.png",
        "antmanmovie": "Disney_AntManMovie_2018\/Disney_AntManMovie_2018.png",
        "bestoftweetsawards": "BestofTweets2018\/BestofTweets2018.png",
        "golalazo": "Golalazo2018\/Golalazo2018.png",
        "avancamos": "BrazillianFederalGov_Avancamos\/BrazillianFederalGov_Avancamos.png",
        "رمضان_كريم": "Ramadan2018_Main\/Ramadan2018_Main.png",
        "indigenouspeoplesday": "IndigenousPeoplesDayCA_2018_v3\/IndigenousPeoplesDayCA_2018_v3.png",
        "รักก็คือรัก": "TwitterOpen_Pride2018\/TwitterOpen_Pride2018.png",
        "rockets": "NBA_2017_18_HOU\/NBA_2017_18_HOU.png",
        "プリコネ": "PriconneRedive2018\/PriconneRedive2018.png",
        "myincrediblesreview": "incredibles2_v5\/incredibles2_v5.png",
        "gotitfrommymom": "A24_Hereditary2018\/A24_Hereditary2018.png",
        "tonicollette": "A24_Hereditary2018\/A24_Hereditary2018.png",
        "flynas": "Flynas2018_v2\/Flynas2018_v2.png",
        "фреон": "Frozone\/Frozone.png",
        "прайдпарад": "TwitterOpen_Pride2018\/TwitterOpen_Pride2018.png",
        "jurassicpark": "Jurassic_World_emoji_v3\/Jurassic_World_emoji_v3.png",
        "kandil": "Ramadan2018_Lantern_v2\/Ramadan2018_Lantern_v2.png",
        "إثراء_رمضان": "ArabLeadersSummit2018_v4\/ArabLeadersSummit2018_v4.png",
        "dominomf": "Deadpool2_Domino\/Deadpool2_Domino.png",
        "mex": "WorldCup_Mexico_v3\/WorldCup_Mexico_v3.png",
        "이요르": "ChristopherRobin_Eeyore2018\/ChristopherRobin_Eeyore2018.png",
        "위니더푸": "ChristopherRobin_Pooh2018\/ChristopherRobin_Pooh2018.png",
        "koreanelection": "KoreanLocalElections2018\/KoreanLocalElections2018.png",
        "เดอะนัน": "TheNunMovie_2018\/TheNunMovie_2018.png",
        "frosé": "NationalRoseDay2018\/NationalRoseDay2018.png",
        "キリンレモントリビュート": "KirinLemon90thAnniversary_2018\/KirinLemon90thAnniversary_2018.png",
        "kor": "WorldCup_SouthKorea_v2\/WorldCup_SouthKorea_v2.png",
        "dodgers": "LADodgers2018\/LADodgers2018.png",
        "avançamos": "BrazillianFederalGov_Avancamos\/BrazillianFederalGov_Avancamos.png",
        "faisonsgrandirlebio": "FranceFleuryMichon\/FranceFleuryMichon.png",
        "wpgwhiteout": "NHL_2017_2018_Jets_v2\/NHL_2017_2018_Jets_v2.png",
        "violetteparr": "incredibles2_v5\/incredibles2_v5.png",
        "loveislandpodcast": "LoveIsland2018_Flight2\/LoveIsland2018_Flight2.png",
        "iftarramadan": "Ramadan2018_Iftar_v2\/Ramadan2018_Iftar_v2.png",
        "shinee10thanniversary": "SHINee10thAnniversary_Extension_v2\/SHINee10thAnniversary_Extension_v2.png",
        "cable": "Deadpool2_Cable\/Deadpool2_Cable.png",
        "الفراعنة": "WorldCup_Egypt_arabic\/WorldCup_Egypt_arabic.png",
        "partyroyale": "ForniteBattleRoyale2018\/ForniteBattleRoyale2018.png",
        "onepursuit": "WashingtonNationals2018\/WashingtonNationals2018.png",
        "wearegeelong": "WeAreGeelong_v2\/WeAreGeelong_v2.png",
        "proudibmer": "IBMThink2018_extension\/IBMThink2018_extension.png",
        "wethenorth": "NBA_2017_18_TOR\/NBA_2017_18_TOR.png",
        "nationaldinosaurday": "JurassicWorld_FallenKingdom_DinoDay_v2\/JurassicWorld_FallenKingdom_DinoDay_v2.png",
        "ih-oh": "ChristopherRobin_Eeyore2018\/ChristopherRobin_Eeyore2018.png",
        "sbinews": "SBIBank_v3\/SBIBank_v3.png",
        "deadpool2": "Deadpool2_Deadpool\/Deadpool2_Deadpool.png",
        "happymammasday": "MammaMia2_v3\/MammaMia2_v3.png",
        "mammamiamovie": "MammaMia2_v3\/MammaMia2_v3.png",
        "halamadrid": "realmadrid\/realmadrid.png",
        "ڤيمتو": "Vimto2018\/Vimto2018.png",
        "gorabbitohs": "NRLsouths2018\/NRLsouths2018.png",
        "gospursgo": "NBA_2017_18_SAS\/NBA_2017_18_SAS.png",
        "سحور_رمضان": "Ramadan2018_Iftar_v2\/Ramadan2018_Iftar_v2.png",
        "wannafanta": "FantaSummer2018\/FantaSummer2018.png",
        "إفطار_رمضان": "Ramadan2018_Iftar_v2\/Ramadan2018_Iftar_v2.png",
        "чубакка": "StarWarsSolo_Chewie_v2\/StarWarsSolo_Chewie_v2.png",
        "dubnation": "NBA_2017_18_GSW\/NBA_2017_18_GSW.png",
        "beautyinai": "HuaweiHonorQ2GlobalLaunch_v2\/HuaweiHonorQ2GlobalLaunch_v2.png",
        "carriebradshaw": "HBOSexandtheCity2018\/HBOSexandtheCity2018.png",
        "والله_مسامحين": "AlmaraiRamadan2018\/AlmaraiRamadan2018.png",
        "برنامج_أصيل": "SAIB\/SAIB.png",
        "lovewins": "TwitterOpen_Pride2018\/TwitterOpen_Pride2018.png",
        "starwars": "StarWarsSolo_HanSolo\/StarWarsSolo_HanSolo.png",
        "dejemostodo": "Naranja_Argentina_WorldCup\/Naranja_Argentina_WorldCup.png",
        "takenote": "NBA_2017_18_UTA\/NBA_2017_18_UTA.png",
        "generationdbacks": "ArizonaDBacks_v2\/ArizonaDBacks_v2.png",
        "thefour": "Fox_TheFour_Season2\/Fox_TheFour_Season2.png",
        "niallhoranlive": "NiallHoran2018\/NiallHoran2018.png",
        "summergrilling": "BallparkHotDog2018\/BallparkHotDog2018.png",
        "sweetbitterstarz": "STARZSweetbitter18\/STARZSweetbitter18.png",
        "airasia": "AirAsia2018_v2\/AirAsia2018_v2.png",
        "puasa": "Ramadan2018_Main\/Ramadan2018_Main.png",
        "ifeelprettymovie": "feelpretty_v2\/feelpretty_v2.png",
        "アントマンとワスプ": "Disney_TheWasp_2018\/Disney_TheWasp_2018.png",
        "マイベストイレブン": "MyBestEleven2018\/MyBestEleven2018.png",
        "проклятиемонахини": "TheNunMovie_2018\/TheNunMovie_2018.png",
        "кира": "StarWarsSolo_Qira\/StarWarsSolo_Qira.png",
        "쇼미더기프트": "ShowMeTheGift2018_v2\/ShowMeTheGift2018_v2.png",
        "juntossomos10": "MastercardSoccer\/MastercardSoccer.png",
        "ジャックジャック": "JackJack_2\/JackJack_2.png",
        "juegamexico": "coronafutbol2018\/coronafutbol2018.png",
        "negasonicteenagewarhead": "Deadpool2_Negasonic\/Deadpool2_Negasonic.png",
        "afl": "AFL18\/AFL18.png",
        "チューバッカ": "StarWarsSolo_Chewie_v2\/StarWarsSolo_Chewie_v2.png",
        "نقدر_نفرحهم": "ZamzamSociety2018\/ZamzamSociety2018.png",
        "pdomjnate": "FranceBlizzardOWL_Philadelphia\/FranceBlizzardOWL_Philadelphia.png",
        "wethereds": "WorldCup_SouthKorea_v2\/WorldCup_SouthKorea_v2.png",
        "افطارا_شهيا": "Ramadan2018_Iftar_v2\/Ramadan2018_Iftar_v2.png",
        "크리스토퍼로빈과곰돌이푸": "ChristopherRobin_Pooh2018\/ChristopherRobin_Pooh2018.png",
        "espiglet": "ChristopherRobin_Piglet2018\/ChristopherRobin_Piglet2018.png",
        "pimpi": "ChristopherRobin_Piglet2018\/ChristopherRobin_Piglet2018.png",
        "iftar_ramadan": "Ramadan2018_Iftar_v2\/Ramadan2018_Iftar_v2.png",
        "thedynastybegins": "FranceBlizzardOWL_Seoul\/FranceBlizzardOWL_Seoul.png",
        "isl": "WorldCup_Iceland_v2\/WorldCup_Iceland_v2.png",
        "zezé": "JackJack_2\/JackJack_2.png",
        "ifeelpretty": "feelpretty_v2\/feelpretty_v2.png",
        "miskvalues": "MiskValues2018\/MiskValues2018.png",
        "ngabuburit": "Ramadan2018_Main\/Ramadan2018_Main.png",
        "nowruz": "nowruz2018_v4\/nowruz2018_v4.png",
        "rosewine": "NationalRoseDay2018\/NationalRoseDay2018.png",
        "cgb41": "AsahiGroupFoods\/AsahiGroupFoods.png",
        "pacers": "NBA_2017_18_IND\/NBA_2017_18_IND.png",
        "dinosaurday": "JurassicWorld_FallenKingdom_DinoDay_v2\/JurassicWorld_FallenKingdom_DinoDay_v2.png",
        "mexicanelection": "mexicanpresidentialelection2018\/mexicanpresidentialelection2018.png",
        "برنامج_وااو": "SAIB\/SAIB.png",
        "デレステ": "ImagscgStage2018\/ImagscgStage2018.png",
        "tigrou": "ChristopherRobin_Tigger2018\/ChristopherRobin_Tigger2018.png",
        "thisismycrew": "MilwaukeeBrewers2018\/MilwaukeeBrewers2018.png",
        "cmtawards2018": "CMTAwards2018_v2\/CMTAwards2018_v2.png",
        "shatterstar": "Deadpool2_Shatterstar\/Deadpool2_Shatterstar.png",
        "firetvcube": "FireTVLaunch2018\/FireTVLaunch2018.png",
        "teampeter": "Deadpool2_PeterW\/Deadpool2_PeterW.png",
        "sui": "WorldCup_Switzerland_v3\/WorldCup_Switzerland_v3.png",
        "conquistaosonho": "WorldCup_Portugal_v2\/WorldCup_Portugal_v2.png",
        "앤트맨과와스프": "Disney_TheWasp_2018\/Disney_TheWasp_2018.png",
        "فطور": "Ramadan2018_Iftar_fix\/Ramadan2018_Iftar_fix.png",
        "laavispa": "Disney_TheWasp_2018\/Disney_TheWasp_2018.png",
        "alentemosunidos": "CristalPeruMundial\/CristalPeruMundial.png",
        "cm2018": "WorldCup_2018\/WorldCup_2018.png",
        "codyboys": "TNTAnimalKingdomS3\/TNTAnimalKingdomS3.png",
        "antman": "Disney_Antman_2018\/Disney_Antman_2018.png",
        "zahlewiezlatan": "Visa_WorldCup2018_v2\/Visa_WorldCup2018_v2.png",
        "eeyore": "ChristopherRobin_Eeyore2018\/ChristopherRobin_Eeyore2018.png",
        "satc20": "HBOSexandtheCity2018\/HBOSexandtheCity2018.png",
        "프로존": "Frozone\/Frozone.png",
        "energíaargentina": "YPHArgentina_WorldCup\/YPHArgentina_WorldCup.png",
        "whateverittakes": "NBA_2017_18_CLE_v2\/NBA_2017_18_CLE_v2.png",
        "theshape": "HalloweenMovie_2018\/HalloweenMovie_2018.png",
        "blackanda": "BETAwards2018\/BETAwards2018.png",
        "solostarwars": "StarWarsSolo_HanSolo\/StarWarsSolo_HanSolo.png",
        "shinee_thestoryoflight": "SHINee10thAnniversary_Extension_v2\/SHINee10thAnniversary_Extension_v2.png",
        "govixens": "SuperNetball_GoVixens\/SuperNetball_GoVixens.png",
        "ariaster": "A24_Hereditary2018\/A24_Hereditary2018.png",
        "mytwitteranniversary": "MyTwitterAnniversary\/MyTwitterAnniversary.png",
        "askalexa": "AmazonEchoIndiav2\/AmazonEchoIndiav2.png",
        "thrunthru": "NRLtitans2018\/NRLtitans2018.png",
        "pride2018": "TwitterOpen_Pride2018\/TwitterOpen_Pride2018.png",
        "statebank": "SBIBank_v3\/SBIBank_v3.png",
        "สวัสดีบอลโลก": "TrueCorp_WorldCup_2018\/TrueCorp_WorldCup_2018.png",
        "eleccionchilanga": "MexicoCityElections18\/MexicoCityElections18.png",
        "مسك_القيم": "MiskValues2018\/MiskValues2018.png",
        "iaah": "ChristopherRobin_Eeyore2018\/ChristopherRobin_Eeyore2018.png",
        "ogprofilepic": "lastOG_v2\/lastOG_v2.png",
        "betawards2018": "BETAwards2018\/BETAwards2018.png",
        "fordanmark": "WorldCup_Denmark_v3\/WorldCup_Denmark_v3.png",
        "yaytza": "tecatemundial_v2\/tecatemundial_v2.png",
        "hatsoff4heroes": "TMobile_HatsOff4Heroes\/TMobile_HatsOff4Heroes.png",
        "cheddarlive": "Cheddar_Emoji_v4\/Cheddar_Emoji_v4.png",
        "ferkel": "ChristopherRobin_Piglet2018\/ChristopherRobin_Piglet2018.png",
        "프라이드퍼레이드": "TwitterOpen_Pride2018\/TwitterOpen_Pride2018.png",
        "それは最悪の一周年": "Sinoalice2018\/Sinoalice2018.png",
        "prideparade": "TwitterOpen_Pride2018\/TwitterOpen_Pride2018.png",
        "hatsoffforheroes": "TMobile_HatsOff4Heroes\/TMobile_HatsOff4Heroes.png",
        "フロゾン": "Frozone\/Frozone.png",
        "جمعية_زمزم": "ZamzamSociety2018\/ZamzamSociety2018.png",
        "エドナ": "Ednamode_v3\/Ednamode_v3.png",
        "mnwild": "NHL_2017_2018_MNwild_v2\/NHL_2017_2018_MNwild_v2.png",
        "ティガー": "ChristopherRobin_Tigger2018\/ChristopherRobin_Tigger2018.png",
        "peterw": "Deadpool2_PeterW\/Deadpool2_PeterW.png",
        "mundialendirecto": "MEDIASET_Spain2018\/MEDIASET_Spain2018.png",
        "antmanandthewasp": "Disney_TheWasp_2018\/Disney_TheWasp_2018.png",
        "إثراء": "ArabLeadersSummit2018_v4\/ArabLeadersSummit2018_v4.png",
        "ksa": "WorldCup_SaudiArabia_v2\/WorldCup_SaudiArabia_v2.png",
        "hopsuisse": "WorldCup_Switzerland_v3\/WorldCup_Switzerland_v3.png",
        "métis": "IndigenousPeoplesDayCA_2018_v3\/IndigenousPeoplesDayCA_2018_v3.png",
        "letsmarchnova": "VillanovaYearLong\/VillanovaYearLong.png",
        "alomae": "BrazilWorldCup2018_AloMae_v3\/BrazilWorldCup2018_AloMae_v3.png",
        "чм2018": "WorldCup_2018\/WorldCup_2018.png",
        "haloson": "haloson\/haloson.png",
        "綾鷹ほうじ茶": "cocacolaAyataka3\/cocacolaAyataka3.png",
        "프라이드": "TwitterOpen_Pride2018\/TwitterOpen_Pride2018.png",
        "letsgoducks": "NHL_2017_2018_Ducks_v2\/NHL_2017_2018_Ducks_v2.png",
        "hinchaincondicional": "MundialMovistar2018_v2\/MundialMovistar2018_v2.png",
        "fortheloveofhotdogs": "OscarMayer_Weinermobile\/OscarMayer_Weinermobile.png",
        "tecnomobile": "TranssionTecno2018\/TranssionTecno2018.png",
        "スターウォーズ": "StarWarsSolo_HanSolo\/StarWarsSolo_HanSolo.png",
        "realmadrid": "realmadrid\/realmadrid.png",
        "hansolostarwars": "StarWarsSolo_HanSolo\/StarWarsSolo_HanSolo.png",
        "रमजान": "Ramadan2018_Main\/Ramadan2018_Main.png",
        "ランドカルリジアン": "StarWarsSolo_Lando\/StarWarsSolo_Lando.png",
        "clamato": "Clamato_2018\/Clamato_2018.png",
        "spotifyloveyourself": "SpotifyBTS2018_v2\/SpotifyBTS2018_v2.png",
        "motog6": "MotorolaG62018\/MotorolaG62018.png",
        "vivoxkathniel": "Kathniel\/Kathniel.png",
        "джекджек": "JackJack_2\/JackJack_2.png",
        "orgullo2018": "TwitterOpen_Pride2018\/TwitterOpen_Pride2018.png",
        "sexandthecity20": "HBOSexandtheCity2018\/HBOSexandtheCity2018.png",
        "tvoshortdoc": "TVOShortDocs\/TVOShortDocs.png",
        "itspiglet": "ChristopherRobin_Piglet2018\/ChristopherRobin_Piglet2018.png",
        "homemformiga": "Disney_Antman_2018\/Disney_Antman_2018.png",
        "weflyasone": "weflyasone_v2\/weflyasone_v2.png",
        "loveislove": "TwitterOpen_Pride2018\/TwitterOpen_Pride2018.png",
        "familyoftheyear": "ArrestedDevelopment2018\/ArrestedDevelopment2018.png",
        "allforone": "NBA_2017_18_CLE\/NBA_2017_18_CLE.png",
        "flyeaglesfly": "Eaglesv4\/Eaglesv4.png",
        "podictions": "LoveIsland2018_Flight2\/LoveIsland2018_Flight2.png",
        "violetapêra": "incredibles2_v5\/incredibles2_v5.png",
        "티거": "ChristopherRobin_Tigger2018\/ChristopherRobin_Tigger2018.png",
        "gigantespornatureza": "WorldCup_Brazil_v2\/WorldCup_Brazil_v2.png",
        "flywithairasia": "AirAsia2018_v2\/AirAsia2018_v2.png",
        "20cents": "REDEmoji2018\/REDEmoji2018.png",
        "человекмуравей": "Disney_Antman_2018\/Disney_Antman_2018.png",
        "잭잭": "JackJack_2\/JackJack_2.png",
        "미스터인크레더블": "MrIncredible\/MrIncredible.png",
        "budlighthouseparty": "BudLight_HouseParty_2018\/BudLight_HouseParty_2018.png",
        "613투표했어요": "KoreanLocalElections2018\/KoreanLocalElections2018.png",
        "alienisttnt": "TNT-Alienist\/TNT-Alienist.png",
        "myogprofilepic": "lastOG_v2\/lastOG_v2.png",
        "イラスティガール": "MrsIncredible\/MrsIncredible.png",
        "lallavedelmundial": "ClaroCAM\/ClaroCAM.png",
        "westworldhbo": "Westworld2MidSeason\/Westworld2MidSeason.png",
        "somosargentina": "WorldCup_Argentina_v2\/WorldCup_Argentina_v2.png",
        "espooh": "ChristopherRobin_ItsPooh2018\/ChristopherRobin_ItsPooh2018.png",
        "mangerbio": "FranceFleuryMichon\/FranceFleuryMichon.png",
        "orgullo18": "TwitterOpen_Pride2018\/TwitterOpen_Pride2018.png",
        "energiaquenosune": "YPHArgentina_WorldCup\/YPHArgentina_WorldCup.png",
        "netneutrality": "Net_Emoji_v3\/Net_Emoji_v3.png",
        "battleswon": "USMC2018_V2\/USMC2018_V2.png",
        "кристоферробин": "ChristopherRobin_Pooh2018\/ChristopherRobin_Pooh2018.png",
        "wheresbaz": "TNTAnimalKingdomS3\/TNTAnimalKingdomS3.png",
        "thealienisttnt": "TNT-Alienist\/TNT-Alienist.png",
        "yonobysbi": "SBIBank_v3\/SBIBank_v3.png",
        "paradadoorgulho": "TwitterOpen_Pride2018\/TwitterOpen_Pride2018.png",
        "roseallday": "NationalRoseDay2018\/NationalRoseDay2018.png",
        "स्वाभिमान_2018": "TwitterOpen_Pride2018\/TwitterOpen_Pride2018.png",
        "613투표하세요": "KoreanLocalElections2018\/KoreanLocalElections2018.png",
        "綾鷹": "cocacolaAyataka3\/cocacolaAyataka3.png",
        "amtodmbf": "BuzzFeedMorning_v3\/BuzzFeedMorning_v3.png",
        "llavemundialista": "ClaroCAM\/ClaroCAM.png",
        "yaytsa": "tecatemundial_v2\/tecatemundial_v2.png",
        "اداء_الابطال": "BeYourOwnChampion_WorldCup\/BeYourOwnChampion_WorldCup.png",
        "internetpower": "Entel_Mundial_Peru_v2\/Entel_Mundial_Peru_v2.png",
        "mtvmiaw18": "MTVMiawAwardsBR2018\/MTVMiawAwardsBR2018.png",
        "clawstnt": "TNTClawsS2\/TNTClawsS2.png",
        "fyririsland": "WorldCup_Iceland_v2\/WorldCup_Iceland_v2.png",
        "forzasvizzera": "WorldCup_Switzerland_v3\/WorldCup_Switzerland_v3.png",
        "orgullgai2018": "TwitterOpen_Pride2018\/TwitterOpen_Pride2018.png",
        "supertroopers420": "SuperTroopers2\/SuperTroopers2.png",
        "eng": "WorldCup_England_v2\/WorldCup_England_v2.png",
        "schinnonordestão": "SchinNordestao2018\/SchinNordestao2018.png",
        "معاك_يالاخضر": "WorldCup_SaudiArabia_v2\/WorldCup_SaudiArabia_v2.png",
        "whitehot": "NBAHeat2018\/NBAHeat2018.png",
        "プリ米": "PriconneRedive2018\/PriconneRedive2018.png",
        "makeamericabluthagain": "ArrestedDevelopment2018\/ArrestedDevelopment2018.png",
        "любовьпобеждает": "TwitterOpen_Pride2018\/TwitterOpen_Pride2018.png",
        "osincríveis2": "incredibles2_v5\/incredibles2_v5.png",
        "お茶にしましょう綾鷹": "cocacolaAyataka3\/cocacolaAyataka3.png",
        "fortnite": "ForniteBattleRoyale2018\/ForniteBattleRoyale2018.png",
        "sacramentoproud": "NBA_2017_18_SAC\/NBA_2017_18_SAC.png",
        "thunderup": "NBA_2017_18_OKC\/NBA_2017_18_OKC.png",
        "nbatwitter": "NBATwitter_Emoji___v4\/NBATwitter_Emoji___v4.png",
        "gelado": "Frozone\/Frozone.png",
        "アズールレーン": "JapanAzurlane2018_v4\/JapanAzurlane2018_v4.png",
        "upupcronulla": "NRLsharks2018\/NRLsharks2018.png",
        "inplaywithray": "bet365RayWinstone_v2\/bet365RayWinstone_v2.png",
        "dcfamily": "NBA_2017_18_WAS\/NBA_2017_18_WAS.png",
        "chelaycafé": "ABIMexico_ModeloCafe\/ABIMexico_ModeloCafe.png",
        "immigrantheritagemonth": "ImmigrantHeritageMonth_2018\/ImmigrantHeritageMonth_2018.png",
        "كفاءة": "SaudiEnergyEfficiencyCenter\/SaudiEnergyEfficiencyCenter.png",
        "bebold": "PhiladelphiaPhillies2018\/PhiladelphiaPhillies2018.png",
        "tvoshortdocs": "TVOShortDocs\/TVOShortDocs.png",
        "flyfridays": "SuperflyMovie2018\/SuperflyMovie2018.png",
        "torcedorfanatico": "RexonaWorldCupEmoji\/RexonaWorldCupEmoji.png",
        "lesrugissantsgaïndés": "WorldCup_Senegal_v2\/WorldCup_Senegal_v2.png",
        "ピグレット": "ChristopherRobin_Piglet2018\/ChristopherRobin_Piglet2018.png",
        "billionspremiere": "billions-showtime\/billions-showtime.png",
        "rus": "WorldCup_Russia_v2\/WorldCup_Russia_v2.png",
        "prixbestoftweet": "BestofTweets2018\/BestofTweets2018.png",
        "flashparr": "incredibles2_v5\/incredibles2_v5.png",
        "wadewilson": "Deadpool2_Deadpool\/Deadpool2_Deadpool.png",
        "outdoorclassroomday": "DirtIsGood_Persil\/DirtIsGood_Persil.png",
        "celtics": "NBA_2017_18_BOS\/NBA_2017_18_BOS.png",
        "بطله_جنب_بطل": "HeroNextToHero_v2\/HeroNextToHero_v2.png",
        "echoindia": "AmazonEchoIndiav2\/AmazonEchoIndiav2.png",
        "jamesbeard": "JamesBeardAwards2018\/JamesBeardAwards2018.png",
        "骄傲": "TwitterOpen_Pride2018\/TwitterOpen_Pride2018.png",
        "philaunite": "NBASixers2018\/NBASixers2018.png",
        "standwithus": "NHL_2017_2018_Preds_v2\/NHL_2017_2018_Preds_v2.png",
        "diadeaprenderbrincando": "DirtIsGood_Persil\/DirtIsGood_Persil.png",
        "ekstraflashsale": "TokopediaRamadan2018_v2\/TokopediaRamadan2018_v2.png",
        "осликушастик": "ChristopherRobin_Eeyore2018\/ChristopherRobin_Eeyore2018.png",
        "votamexico": "mexicanpresidentialelection2018\/mexicanpresidentialelection2018.png",
        "مركز_الملك_عبدالعزيز_الثقافي": "ArabLeadersSummit2018_v4\/ArabLeadersSummit2018_v4.png",
        "billionsfinale": "billions-showtime\/billions-showtime.png",
        "прайд": "TwitterOpen_Pride2018\/TwitterOpen_Pride2018.png",
        "pilasconelvoto": "colombianelection2018\/colombianelection2018.png",
        "bobparr": "MrIncredible\/MrIncredible.png",
        "orgullgai": "TwitterOpen_Pride2018\/TwitterOpen_Pride2018.png",
        "tigger": "ChristopherRobin_Tigger2018\/ChristopherRobin_Tigger2018.png",
        "ogtracy": "ogtracy\/ogtracy.png",
        "begiant": "GWSGIANTS\/GWSGIANTS.png",
        "bourriquet": "ChristopherRobin_Eeyore2018\/ChristopherRobin_Eeyore2018.png",
        "nationalroséday": "NationalRoseDay2018\/NationalRoseDay2018.png",
        "sweetbitter": "STARZSweetbitter18\/STARZSweetbitter18.png",
        "wcclassics": "WilliamHillWorldCup2018\/WilliamHillWorldCup2018.png",
        "melbourneproud": "NRLmelbourne2018\/NRLmelbourne2018.png",
        "siberius": "Frozone\/Frozone.png",
        "mtvawards": "MTVMovieAwards2018\/MTVMovieAwards2018.png",
        "mtvmiaw2018": "MTVMiawAwardsBR2018\/MTVMiawAwardsBR2018.png",
        "mffl": "NBA_2017_18_DAL\/NBA_2017_18_DAL.png",
        "sweetbitterpremiere": "STARZSweetbitter18\/STARZSweetbitter18.png",
        "فطور_رمضان": "Ramadan2018_Iftar_fix\/Ramadan2018_Iftar_fix.png",
        "freshevents": "freshevents2018Q2\/freshevents2018Q2.png",
        "lamamámáspower": "Entel_Mundial_Peru_v2\/Entel_Mundial_Peru_v2.png",
        "leitão": "ChristopherRobin_Piglet2018\/ChristopherRobin_Piglet2018.png",
        "paradadoorgulholgbt": "TwitterOpen_Pride2018\/TwitterOpen_Pride2018.png",
        "wakandaweekend": "BlackPantherHomeEnt2018\/BlackPantherHomeEnt2018.png",
        "lamorguanya": "TwitterOpen_Pride2018\/TwitterOpen_Pride2018.png",
        "takjil": "Ramadan2018_Iftar_v2\/Ramadan2018_Iftar_v2.png",
        "lesindestructibles2": "incredibles2_v5\/incredibles2_v5.png",
        "sfgiants": "SFGiants2018\/SFGiants2018.png",
        "incondicionales": "MundialMovistar2018_v2\/MundialMovistar2018_v2.png",
        "directorx": "SuperflyMovie2018\/SuperflyMovie2018.png",
        "am2dm": "BuzzFeedMorning_v3\/BuzzFeedMorning_v3.png",
        "骄傲2018": "TwitterOpen_Pride2018\/TwitterOpen_Pride2018.png",
        "showmethegift": "ShowMeTheGift2018_v2\/ShowMeTheGift2018_v2.png",
        "jpn": "WorldCup_Japan_v2\/WorldCup_Japan_v2.png",
        "earntomorrow": "NHL_2017_2018_PhillyFlyers_v2\/NHL_2017_2018_PhillyFlyers_v2.png",
        "modelocafé": "ABIMexico_ModeloCafe\/ABIMexico_ModeloCafe.png",
        "whatblackpanthermeanstome": "BlackPantherHomeEnt2018\/BlackPantherHomeEnt2018.png",
        "todoestáporver": "vodafone2018\/vodafone2018.png",
        "egy": "WorldCup_Egypt_v2\/WorldCup_Egypt_v2.png",
        "megustaelfútbol": "MEDIASET_Spain2018\/MEDIASET_Spain2018.png",
        "shinee": "SHINee10thAnniversary_Extension_v2\/SHINee10thAnniversary_Extension_v2.png",
        "chelaocafé": "ABIMexico_ModeloCafe\/ABIMexico_ModeloCafe.png",
        "elecciones2018": "mexicanpresidentialelection2018\/mexicanpresidentialelection2018.png",
        "homemformigaeavespa": "Disney_TheWasp_2018\/Disney_TheWasp_2018.png",
        "ramazan": "Ramadan2018_Main\/Ramadan2018_Main.png",
        "bachelornation": "TheBachelorette2018\/TheBachelorette2018.png",
        "wnbatakesastand": "WNBATakesAStand3\/WNBATakesAStand3.png",
        "vamosticos": "WorldCup_CostaRica_v2\/WorldCup_CostaRica_v2.png",
        "surlechemindubio": "FranceFleuryMichon\/FranceFleuryMichon.png",
        "suhoor": "Ramadan2018_Iftar_v2\/Ramadan2018_Iftar_v2.png",
        "tuiteratura": "FeriaDelHilo\/FeriaDelHilo.png",
        "burnblue": "FranceBlizzardOWL_Dallas\/FranceBlizzardOWL_Dallas.png",
        "gotgrit": "SuperNetball_gotgrit\/SuperNetball_gotgrit.png",
        "lanonne": "TheNunMovie_2018\/TheNunMovie_2018.png",
        "iamfirebird": "SuperNetball_IAMFIREBIRD\/SuperNetball_IAMFIREBIRD.png",
        "mybesteleven": "MyBestEleven2018\/MyBestEleven2018.png",
        "mar": "WorldCup_Morocco_v2\/WorldCup_Morocco_v2.png",
        "soychilangoyosivoto": "MexicoCityElections18\/MexicoCityElections18.png",
        "キリンレモンのうた": "KirinLemon90thAnniversary_2018\/KirinLemon90thAnniversary_2018.png",
        "honourthedream": "WorldCup_Australia_v2\/WorldCup_Australia_v2.png",
        "grindcity": "NBA_2017_18_MEM\/NBA_2017_18_MEM.png",
        "abrazodegol": "ClaroPeru2018_v2\/ClaroPeru2018_v2.png",
        "e3": "E3_2018\/E3_2018.png",
        "فوانيس": "Ramadan2018_Lantern_v2\/Ramadan2018_Lantern_v2.png",
        "igór": "ChristopherRobin_Eeyore2018\/ChristopherRobin_Eeyore2018.png",
        "sliceline": "SiliconValleyHBO2018\/SiliconValleyHBO2018.png",
        "kurma": "Ramadan2018_Iftar_v2\/Ramadan2018_Iftar_v2.png",
        "ramadan_lantern": "Ramadan2018_Lantern_v2\/Ramadan2018_Lantern_v2.png",
        "wm2018": "WorldCup_2018\/WorldCup_2018.png",
        "redscountry": "CincinnatiReds2018\/CincinnatiReds2018.png",
        "votolibre": "mexicanpresidentialelection2018\/mexicanpresidentialelection2018.png",
        "mrincredible": "MrIncredible\/MrIncredible.png",
        "プリコネ無料10連ガチャ": "PriconneRedive2018\/PriconneRedive2018.png",
        "superflysoundtrack": "SuperflyMovie2018\/SuperflyMovie2018.png",
        "flechapêra": "incredibles2_v5\/incredibles2_v5.png",
        "loveyourselfxspotify": "SpotifyBTS2018_v2\/SpotifyBTS2018_v2.png",
        "votebluth": "ArrestedDevelopment2018\/ArrestedDevelopment2018.png",
        "comessasbolinhasngmtoddy": "ToddyBrasil_2018\/ToddyBrasil_2018.png",
        "satanicgrandma": "A24_Hereditary2018\/A24_Hereditary2018.png",
        "sousportvnacopa": "SporTV_WorldCup\/SporTV_WorldCup.png",
        "cmtawards": "CMTAwards2018_v2\/CMTAwards2018_v2.png",
        "jurassicjune": "JurassicWorld_FallenKingdom_DinoDay_v2\/JurassicWorld_FallenKingdom_DinoDay_v2.png",
        "thelastog": "lastOG_v2\/lastOG_v2.png",
        "3elieve": "NHL_2017_2018_Penguins_v2\/NHL_2017_2018_Penguins_v2.png",
        "jurassicpark25": "Jurassic_World_emoji_v3\/Jurassic_World_emoji_v3.png",
        "ontariovotes": "OntarioElection2018\/OntarioElection2018.png",
        "cmtawards18": "CMTAwards2018_v2\/CMTAwards2018_v2.png",
        "mrインクレディブル": "MrIncredible\/MrIncredible.png",
        "siliconvalleyhbo": "SiliconValleyHBO2018\/SiliconValleyHBO2018.png",
        "comigoninguemtoddy": "ToddyBrasil_2018\/ToddyBrasil_2018.png",
        "แพ้ก็พลัสชนะก็พลัส": "KbankxWorldcup\/KbankxWorldcup.png",
        "listospara": "CocaColaMXWorldCup2018\/CocaColaMXWorldCup2018.png",
        "avespa": "Disney_TheWasp_2018\/Disney_TheWasp_2018.png",
        "13の理由": "NetflixJapan_13ReasonsWHy\/NetflixJapan_13ReasonsWHy.png",
        "ramadanlanterns": "Ramadan2018_Lantern_v2\/Ramadan2018_Lantern_v2.png",
        "푸": "ChristopherRobin_Pooh2018\/ChristopherRobin_Pooh2018.png",
        "gotiges": "gotiges\/gotiges.png",
        "thesecondcoming": "Deadpool2_Deadpool\/Deadpool2_Deadpool.png",
        "эднамод": "Ednamode_v3\/Ednamode_v3.png",
        "mamamia2": "MammaMia2_v3\/MammaMia2_v3.png",
        "estigger": "ChristopherRobin_Tigger2018\/ChristopherRobin_Tigger2018.png",
        "askanobel": "askanobel\/askanobel.png",
        "col": "WorldCup_Colombia_v2\/WorldCup_Colombia_v2.png",
        "ridemcowboys": "NRLcowboys2018_v2\/NRLcowboys2018_v2.png",
        "teamforpirlo": "UberEats_WorldCup\/UberEats_WorldCup.png",
        "hopsvizra": "WorldCup_Switzerland_v3\/WorldCup_Switzerland_v3.png",
        "طيب_الله_فالك": "ArabianOud2018\/ArabianOud2018.png",
        "letsgonewarriors": "LetsGoneWarriors_v2\/LetsGoneWarriors_v2.png",
        "copa2018": "WorldCup_2018\/WorldCup_2018.png",
        "betawards18": "BETAwards2018\/BETAwards2018.png",
        "ramadan": "Ramadan2018_Main\/Ramadan2018_Main.png",
        "flexweave": "reebokflexweave_v2\/reebokflexweave_v2.png",
        "myincredibles2review": "incredibles2_v5\/incredibles2_v5.png",
        "mulherelástica": "MrsIncredible\/MrsIncredible.png",
        "thefouronfox": "Fox_TheFour_Season2\/Fox_TheFour_Season2.png",
        "colombiadecide": "colombianelection2018\/colombianelection2018.png",
        "nationalroseday": "NationalRoseDay2018\/NationalRoseDay2018.png",
        "피글렛": "ChristopherRobin_Piglet2018\/ChristopherRobin_Piglet2018.png",
        "eatlikeapro": "EatLikeAPro2018V2\/EatLikeAPro2018V2.png",
        "truetoatlanta": "NBA_2017_18_ATL\/NBA_2017_18_ATL.png",
        "الخطوط_توديك_روسيا": "SaudiAirline_2018\/SaudiAirline_2018.png",
        "schinnonordestao": "SchinNordestao2018\/SchinNordestao2018.png",
        "irn": "WorldCup_Iran_v2\/WorldCup_Iran_v2.png",
        "halloweenmovieofficial": "HalloweenMovie_2018\/HalloweenMovie_2018.png",
        "preparadosparatodo": "WorldCup_Peru_v2\/WorldCup_Peru_v2.png",
        "한솔로": "StarWarsSolo_HanSolo\/StarWarsSolo_HanSolo.png",
        "christopherrobin": "ChristopherRobin_ChristopherRobinfix\/ChristopherRobin_ChristopherRobinfix.png",
        "lamamamaspower": "Entel_Mundial_Peru_v2\/Entel_Mundial_Peru_v2.png",
        "키라": "StarWarsSolo_Qira\/StarWarsSolo_Qira.png",
        "winnielourson": "ChristopherRobin_Pooh2018\/ChristopherRobin_Pooh2018.png",
        "100億円ガチャ": "Sinoalice2018\/Sinoalice2018.png",
        "luckydomino": "Deadpool2_Domino\/Deadpool2_Domino.png",
        "marchforourlives": "marchforourlives\/marchforourlives.png",
        "sjsharks": "NHL_2017_2018_SJSharks_v2\/NHL_2017_2018_SJSharks_v2.png",
        "vivov9kathniel": "Kathniel\/Kathniel.png",
        "rusianosharáhéroes": "tecatemundial_v2\/tecatemundial_v2.png",
        "onuryürüyüşü": "TwitterOpen_Pride2018\/TwitterOpen_Pride2018.png",
        "theincredibles": "incredibles2_v5\/incredibles2_v5.png",
        "teamchuck": "billions-showtime\/billions-showtime.png",
        "vikingclap": "VikingClap_2018_v2\/VikingClap_2018_v2.png",
        "sunsat50": "NBA_2017_18_PHX\/NBA_2017_18_PHX.png",
        "لتبقى": "SaudiEnergyEfficiencyCenter\/SaudiEnergyEfficiencyCenter.png",
        "シノアリス一周年": "Sinoalice2018\/Sinoalice2018.png",
        "okuldisaridagunu": "DirtIsGood_Persil\/DirtIsGood_Persil.png",
        "loespeciales": "ABIMexico_ModeloCafe\/ABIMexico_ModeloCafe.png",
        "일라스티걸": "MrsIncredible\/MrsIncredible.png",
        "jurassicworld": "Jurassic_World_emoji_v3\/Jurassic_World_emoji_v3.png",
        "thebachelorette": "TheBachelorette2018\/TheBachelorette2018.png",
        "esigor": "ChristopherRobin_Eeyore2018\/ChristopherRobin_Eeyore2018.png",
        "shareyourmeal": "ShareYourMeal2018\/ShareYourMeal2018.png",
        "アズレン傘": "JapanAzurlaneWeather\/JapanAzurlaneWeather.png",
        "motog6play": "MotorolaG62018\/MotorolaG62018.png",
        "เชียร์แบบแมสๆ": "KbankxWorldcup\/KbankxWorldcup.png",
        "debatecapital": "MXcitydebate2018\/MXcitydebate2018.png",
        "человекмуравейиоса": "Disney_TheWasp_2018\/Disney_TheWasp_2018.png",
        "お茶にしましょう": "cocacolaAyataka3\/cocacolaAyataka3.png",
        "chopon": "atlantabraves2018\/atlantabraves2018.png",
        "تحدي_الروزنامة": "GeneralEntertainmentAuthority2018_v2\/GeneralEntertainmentAuthority2018_v2.png",
        "feriadehilos": "FeriaDelHilo\/FeriaDelHilo.png",
        "سوا_لقدام": "HeroNextToHero\/HeroNextToHero.png",
        "ibmer": "IBMThink2018_extension\/IBMThink2018_extension.png",
        "stateofdecay2": "StateofDecay2\/StateofDecay2.png",
        "amazonfindsaway": "JurassicWorld_FallenKingdom_AmazonFindsAWay\/JurassicWorld_FallenKingdom_AmazonFindsAWay.png",
        "halloweenmovies": "HalloweenMovie_2018\/HalloweenMovie_2018.png",
        "qlder": "StateofOriginAU_2018_QLDER\/StateofOriginAU_2018_QLDER.png",
        "nyxl": "FranceBlizzardOWL_NY\/FranceBlizzardOWL_NY.png",
        "halloweenmovie2018": "HalloweenMovie_2018\/HalloweenMovie_2018.png",
        "manofthematch": "Budweiser_ManofTheMatch_v2\/Budweiser_ManofTheMatch_v2.png",
        "masterchefbr": "MasterChefBR2018\/MasterChefBR2018.png",
        "فطور\"فطور_رمضان": "Ramadan2018_Iftar_v2\/Ramadan2018_Iftar_v2.png",
        "fútbolmediaset": "MEDIASET_Spain2018\/MEDIASET_Spain2018.png",
        "خلنا_نجتمع": "Vimto2018\/Vimto2018.png",
        "mmas2018": "MYXMusicAwards2018\/MYXMusicAwards2018.png",
        "nuevojetta": "ElJettaDeTuVida\/ElJettaDeTuVida.png",
        "バチェラー見てる人と語りたい": "BachelorJapanS2_v2\/BachelorJapanS2_v2.png",
        "proudtobeabulldog": "NRLbulldogs2018\/NRLbulldogs2018.png",
        "freshempire": "freshevents2018Q2\/freshevents2018Q2.png",
        "alomãe": "BrazilWorldCup2018_AloMae_v3\/BrazilWorldCup2018_AloMae_v3.png",
        "megustaquevotes": "MXvoterengagement2018\/MXvoterengagement2018.png",
        "samuraiblue": "WorldCup_Japan_v2\/WorldCup_Japan_v2.png",
        "koreanelection2018": "KoreanLocalElections2018\/KoreanLocalElections2018.png",
        "فيمتو": "Vimto2018\/Vimto2018.png",
        "إثراء_الرياضة": "ArabLeadersSummit2018_v4\/ArabLeadersSummit2018_v4.png",
        "abrazosdegol": "ClaroPeru2018_v2\/ClaroPeru2018_v2.png",
        "эластика": "MrsIncredible\/MrsIncredible.png",
        "igor": "ChristopherRobin_Eeyore2018\/ChristopherRobin_Eeyore2018.png",
        "gatsbyロールオン": "GatsbyDeo2018\/GatsbyDeo2018.png",
        "hammerseries": "HammerSeries2018\/HammerSeries2018.png",
        "heforshe": "HeForShe_fixed\/HeForShe_fixed.png",
        "laczynaspilka": "WorldCup_Poland_v2\/WorldCup_Poland_v2.png",
        "proudlysydney": "sydneyswans\/sydneyswans.png",
        "askbtsxspotify": "SpotifyBTS2018_v2\/SpotifyBTS2018_v2.png",
        "alômae": "BrazilWorldCup2018_AloMae_v3\/BrazilWorldCup2018_AloMae_v3.png",
        "綾鷹茶葉のあまみ": "cocacolaAyataka3\/cocacolaAyataka3.png",
        "hereweare": "HereWeAre_v3\/HereWeAre_v3.png",
        "heatculture": "NBA_2017_18_MIA\/NBA_2017_18_MIA.png",
        "ligadia": "LigaDia_Emoji_v2\/LigaDia_Emoji_v2.png",
        "tracymorgan": "ogtracy\/ogtracy.png",
        "uptheante": "FranceBlizzardOWL_Houston\/FranceBlizzardOWL_Houston.png",
        "fortnitee3": "ForniteBattleRoyale2018\/ForniteBattleRoyale2018.png",
        "البنك_السعودي_للاستثمار": "SAIB\/SAIB.png",
        "vimto": "Vimto2018\/Vimto2018.png",
        "เชียร์บอลโลก": "KbankxWorldcup\/KbankxWorldcup.png",
        "e32018": "E3_2018\/E3_2018.png",
        "helloyou": "MotorolaG62018\/MotorolaG62018.png",
        "ガチ勢の日": "GatsbyDeo2018\/GatsbyDeo2018.png",
        "クリーム玄米ブラン": "AsahiGroupFoods\/AsahiGroupFoods.png",
        "روزنامة_الترفيه": "GeneralEntertainmentAuthority2018_v2\/GeneralEntertainmentAuthority2018_v2.png",
        "incrediblespremiere": "incredibles2_v5\/incredibles2_v5.png",
        "jointhehuddle": "AFLWestCoast\/AFLWestCoast.png",
        "lasuertenojuega": "La_Suerte_No_Juega_v2\/La_Suerte_No_Juega_v2.png",
        "crc": "WorldCup_CostaRica_v2\/WorldCup_CostaRica_v2.png",
        "샤이니_데리러가": "SHINee10thAnniversary_Extension_v2\/SHINee10thAnniversary_Extension_v2.png",
        "jeanchristopheetwinnie": "ChristopherRobin_Pooh2018\/ChristopherRobin_Pooh2018.png",
        "نسور_قرطاج": "WorldCup_Tunisia_v2\/WorldCup_Tunisia_v2.png",
        "cruzcampo": "Cruzcampo_2018\/Cruzcampo_2018.png",
        "قدومك_يسعدن": "GeneralEntertainmentAuthority2018_v2\/GeneralEntertainmentAuthority2018_v2.png",
        "strengthinnumbers": "NBA_2017_18_GSW_v2\/NBA_2017_18_GSW_v2.png",
        "welcometowestworld": "Westworld2MidSeason\/Westworld2MidSeason.png",
        "donthesash": "EssendonFC\/EssendonFC.png",
        "whywewearblack": "TimesUp_v2\/TimesUp_v2.png",
        "spotifyxbts": "SpotifyBTS2018_v2\/SpotifyBTS2018_v2.png",
        "eleccionesmexico": "mexicanpresidentialelection2018\/mexicanpresidentialelection2018.png",
        "lgm": "NYMets2018\/NYMets2018.png",
        "alienist": "TNT-Alienist\/TNT-Alienist.png",
        "blackandaforever": "BETAwards2018\/BETAwards2018.png",
        "den": "WorldCup_Denmark_v3\/WorldCup_Denmark_v3.png",
        "helenparr": "MrsIncredible\/MrsIncredible.png",
        "عطر_أبيات": "ArabianOud2018\/ArabianOud2018.png",
        "beyourownchampion": "BeYourOwnChampion_WorldCup\/BeYourOwnChampion_WorldCup.png",
        "walkonminks": "SuperflyMovie2018\/SuperflyMovie2018.png",
        "showyouremotions": "laysshowyouremotions\/laysshowyouremotions.png",
        "indigenoushistorymonth": "IndigenousPeoplesDayCA_2018_v3\/IndigenousPeoplesDayCA_2018_v3.png",
        "snozberries": "SuperTroopers2\/SuperTroopers2.png",
        "heronexttohero": "HeroNextToHero\/HeroNextToHero.png",
        "threelions": "ThreeLions2018\/ThreeLions2018.png",
        "女のバトル": "BachelorJapanS2_v2\/BachelorJapanS2_v2.png",
        "افطار_رمضان": "Ramadan2018_Iftar_v2\/Ramadan2018_Iftar_v2.png",
        "uru": "WorldCup_Uruguay_v2\/WorldCup_Uruguay_v2.png",
        "هي_وحدة": "Vimto2018\/Vimto2018.png",
        "michaelmeyers": "HalloweenMovie_2018\/HalloweenMovie_2018.png",
        "simplyamazing": "NissanESLeaf2018\/NissanESLeaf2018.png",
        "metis": "IndigenousPeoplesDayCA_2018_v3\/IndigenousPeoplesDayCA_2018_v3.png",
        "colossus": "Deadpool2_Colossus\/Deadpool2_Colossus.png",
        "キーラ": "StarWarsSolo_Qira\/StarWarsSolo_Qira.png",
        "beersonus": "Clamato_2018\/Clamato_2018.png",
        "viärsverige": "WorldCup_Sweden_v2\/WorldCup_Sweden_v2.png",
        "ناس": "Flynas2018_v2\/Flynas2018_v2.png",
        "wakandaforever": "BlackPantherHomeEnt2018\/BlackPantherHomeEnt2018.png",
        "thenun": "TheNunMovie_2018\/TheNunMovie_2018.png",
        "نوروز": "nowruz2018_v4\/nowruz2018_v4.png",
        "ファンタビ": "fantasticbeasts_v3\/fantasticbeasts_v3.png",
        "bringthemayhem": "FranceBlizzardOWL_Florida\/FranceBlizzardOWL_Florida.png",
        "aşkaşktır": "TwitterOpen_Pride2018\/TwitterOpen_Pride2018.png",
        "nhlbruins": "NHL_2017_2018_NHLBruins_v4\/NHL_2017_2018_NHLBruins_v4.png",
        "ednamoda": "Ednamode_v3\/Ednamode_v3.png",
        "iftar": "Ramadan2018_Iftar_v2\/Ramadan2018_Iftar_v2.png",
        "blackhistorymonth": "BlackHistoryMonth\/BlackHistoryMonth.png",
        "クリストファーロビン": "ChristopherRobin_Pooh2018\/ChristopherRobin_Pooh2018.png",
        "와스프": "Disney_TheWasp_2018\/Disney_TheWasp_2018.png",
        "superflymusic": "SuperflyMovie2018\/SuperflyMovie2018.png",
        "sen": "WorldCup_Senegal_v2\/WorldCup_Senegal_v2.png",
        "رمضان": "Ramadan2018_Main\/Ramadan2018_Main.png",
        "electrifytheworld": "NissanESLeaf2018\/NissanESLeaf2018.png",
        "joguejunto": "BrazilWorldCup_JogueJunto_v3\/BrazilWorldCup_JogueJunto_v3.png",
        "adoptadinosaur": "JurassicWorld_FallenKingdom_DinoDay_v2\/JurassicWorld_FallenKingdom_DinoDay_v2.png",
        "vegasborn": "NHL_2017_2018_VegasKnights_v3\/NHL_2017_2018_VegasKnights_v3.png",
        "vivov9malltour": "Kathniel\/Kathniel.png",
        "metoo": "MeToo_v3\/MeToo_v3.png",
        "negasonic": "Deadpool2_Negasonic\/Deadpool2_Negasonic.png",
        "desfiledelorgullo": "TwitterOpen_Pride2018\/TwitterOpen_Pride2018.png",
        "thebachelorettefinale": "TheBachelorette2018\/TheBachelorette2018.png",
        "wemetontwitter": "WeMetOnt_Emoji\/WeMetOnt_Emoji.png",
        "rusiaentusmanos": "Telcel_RusiaEnTusManos_2018\/Telcel_RusiaEnTusManos_2018.png",
        "colombia2018": "colombianelection2018\/colombianelection2018.png",
        "jackjack": "JackJack_2\/JackJack_2.png",
        "maythe4thbewithyou": "StarWarsSolo_Chewie_v2\/StarWarsSolo_Chewie_v2.png",
        "hazmatch": "colombianelection2018\/colombianelection2018.png",
        "赤城": "JapanAzurlane2018_v4\/JapanAzurlane2018_v4.png",
        "kathnielforvivov9": "Kathniel\/Kathniel.png",
        "niallhoranflicker": "NiallHoran2018\/NiallHoran2018.png",
        "bestoftweet": "BestofTweets2018\/BestofTweets2018.png",
        "championperformance": "BeYourOwnChampion_WorldCup\/BeYourOwnChampion_WorldCup.png",
        "جيل_الذهب": "PepsiGoldenBoys_2018\/PepsiGoldenBoys_2018.png",
        "jw2": "Jurassic_World_emoji_v3\/Jurassic_World_emoji_v3.png",
        "ramadanlantern": "Ramadan2018_Lantern_v2\/Ramadan2018_Lantern_v2.png",
        "puuh": "ChristopherRobin_Pooh2018\/ChristopherRobin_Pooh2018.png",
        "エアアジアチャレンジ2018": "AirAsia2018_v2\/AirAsia2018_v2.png",
        "arresteddevelopment": "ArrestedDevelopment2018\/ArrestedDevelopment2018.png",
        "ديما_مغرب": "WorldCup_Morocco_v2\/WorldCup_Morocco_v2.png",
        "accesomundialista": "ClaroCAM\/ClaroCAM.png",
        "sexandthecity": "HBOSexandtheCity2018\/HBOSexandtheCity2018.png",
        "itspooh": "ChristopherRobin_ItsPooh2018\/ChristopherRobin_ItsPooh2018.png",
        "feelpretty": "feelpretty_v2\/feelpretty_v2.png",
        "قدومك_يسعدنا": "GeneralEntertainmentAuthority2018_v2\/GeneralEntertainmentAuthority2018_v2.png",
        "westworlds2": "Westworld2MidSeason\/Westworld2MidSeason.png",
        "deadpool": "Deadpool2_Deadpool\/Deadpool2_Deadpool.png",
        "animaisfantasticos": "fantasticbeasts_v3\/fantasticbeasts_v3.png",
        "hoppschwiiz": "WorldCup_Switzerland_v3\/WorldCup_Switzerland_v3.png",
        "bulanpuasa": "Ramadan2018_Main\/Ramadan2018_Main.png",
        "greatestseasonever": "FlonaseQ1_v2\/FlonaseQ1_v2.png",
        "wearemanly": "NRLmanly2018\/NRLmanly2018.png",
        "вместемыкоманда": "WorldCup_Russia_v2\/WorldCup_Russia_v2.png",
        "イラストリアス": "JapanAzurlane2018_v3\/JapanAzurlane2018_v3.png",
        "e3coliseum": "E3_2018\/E3_2018.png",
        "panamáenrusia": "WorldCup_Panama_v2\/WorldCup_Panama_v2.png",
        "antmanandwasp": "Disney_TheWasp_2018\/Disney_TheWasp_2018.png",
        "lavidaesunpartido": "ChevroletMexico_WorldCup\/ChevroletMexico_WorldCup.png",
        "wegohard": "NBA_2017_18_BKLYN\/NBA_2017_18_BKLYN.png",
        "shareacoke": "ShareACoke2018\/ShareACoke2018.png",
        "jp25": "Jurassic_World_emoji_v3\/Jurassic_World_emoji_v3.png",
        "supertroopers2": "SuperTroopers2\/SuperTroopers2.png",
        "atfr": "TheBachelorette2018\/TheBachelorette2018.png",
        "신비한동물사전": "fantasticbeasts_v3\/fantasticbeasts_v3.png",
        "thefourcomeback": "Fox_TheFour_Season2\/Fox_TheFour_Season2.png",
        "neversettle": "Astros2018\/Astros2018.png",
        "solomovie": "StarWarsSolo_HanSolo\/StarWarsSolo_HanSolo.png",
        "ibm": "IBMThink2018_extension\/IBMThink2018_extension.png",
        "デッドプール": "deadpooljapan18_v2\/deadpooljapan18_v2.png",
        "rusia2018": "WorldCup_2018\/WorldCup_2018.png",
        "sbi": "SBIBank_v3\/SBIBank_v3.png",
        "bhm": "BlackHistoryMonth\/BlackHistoryMonth.png",
        "thewaspmovie": "Disney_TheWasp_2018\/Disney_TheWasp_2018.png",
        "eyesonyou": "GOT7WORLDTOUR_2018\/GOT7WORLDTOUR_2018.png",
        "masterchef": "spainmasterchef\/spainmasterchef.png",
        "くまのプーさん": "ChristopherRobin_Pooh2018\/ChristopherRobin_Pooh2018.png",
        "cusrise": "NBACeltics2018\/NBACeltics2018.png",
        "eleccionesméxico": "mexicanpresidentialelection2018\/mexicanpresidentialelection2018.png",
        "flècheparr": "incredibles2_v5\/incredibles2_v5.png",
        "звёздныевойны": "StarWarsSolo_HanSolo\/StarWarsSolo_HanSolo.png",
        "elequipoquenosune": "WorldCup_Uruguay_v2\/WorldCup_Uruguay_v2.png",
        "إفطارًا_شهيًا": "Ramadan2018_Iftar_v2\/Ramadan2018_Iftar_v2.png",
        "newmotog": "MotorolaG62018\/MotorolaG62018.png",
        "dinoday": "JurassicWorld_FallenKingdom_DinoDay_v2\/JurassicWorld_FallenKingdom_DinoDay_v2.png",
        "esigór": "ChristopherRobin_Eeyore2018\/ChristopherRobin_Eeyore2018.png",
        "betawards": "BETAwards2018\/BETAwards2018.png",
        "بطاقة_السفر": "SAIB\/SAIB.png",
        "bullsnation": "NBA_2017_18_CHI\/NBA_2017_18_CHI.png",
        "orgull": "TwitterOpen_Pride2018\/TwitterOpen_Pride2018.png",
        "nrl": "NRL2018\/NRL2018.png",
        "jepa": "DirtIsGood_Persil\/DirtIsGood_Persil.png",
        "랜도": "StarWarsSolo_Lando\/StarWarsSolo_Lando.png",
        "marvelstudiosantmanandthewasp": "Disney_TheWasp_2018\/Disney_TheWasp_2018.png",
        "เชียร์ให้สุดหยุดที่บอลโลก": "KbankxWorldcup\/KbankxWorldcup.png",
        "بطلة_جنب_بطل": "HeroNextToHero\/HeroNextToHero.png",
        "mammamia2": "MammaMia2_v3\/MammaMia2_v3.png",
        "2018지방선거": "KoreanLocalElections2018\/KoreanLocalElections2018.png",
        "micorazóntricolor": "WorldCup_Colombia_v2\/WorldCup_Colombia_v2.png",
        "womeninfootball": "WomenInFootball2018_v2\/WomenInFootball2018_v2.png",
        "bel": "WorldCup_Belgium_v2\/WorldCup_Belgium_v2.png",
        "marchedesfiertés": "TwitterOpen_Pride2018\/TwitterOpen_Pride2018.png",
        "herecomethegiants": "SuperNetball_HereComeTheGiants\/SuperNetball_HereComeTheGiants.png",
        "fiersdetrebleus": "WorldCup_France_v2\/WorldCup_France_v2.png",
        "jurassicworld2": "Jurassic_World_emoji_v3\/Jurassic_World_emoji_v3.png",
        "blacklivesmatter": "BlackHistoryMonth\/BlackHistoryMonth.png",
        "ad5": "ArrestedDevelopment2018\/ArrestedDevelopment2018.png",
        "pinkcarpetmtvmiaw": "MTVMiawAwardsBR2018\/MTVMiawAwardsBR2018.png",
        "paylikezlatan": "Visa_WorldCup2018_v2\/Visa_WorldCup2018_v2.png",
        "breyersdelights": "impossiblepossiblebreyers\/impossiblepossiblebreyers.png",
        "pooh": "ChristopherRobin_Pooh2018\/ChristopherRobin_Pooh2018.png",
        "fightingforglory": "FranceBlizzardOWL_Shanghai\/FranceBlizzardOWL_Shanghai.png",
        "jurassicworldnight": "JurassicWorld_FallenKingdom_DinoDay_v2\/JurassicWorld_FallenKingdom_DinoDay_v2.png",
        "westworldseason2": "Westworld2MidSeason\/Westworld2MidSeason.png",
        "feriadelhilo": "FeriaDelHilo\/FeriaDelHilo.png",
        "dillydilly": "BudLightWorldCup_DillyDilly_Flight1\/BudLightWorldCup_DillyDilly_Flight1.png",
        "pol": "WorldCup_Poland_v2\/WorldCup_Poland_v2.png",
        "العربية_للعود": "ArabianOud2018\/ArabianOud2018.png",
        "allcaps": "NHL_2017_2018_Caps_v2\/NHL_2017_2018_Caps_v2.png",
        "gosocceroos": "WorldCup_Australia_v2\/WorldCup_Australia_v2.png",
        "eaststowin": "NRLRoosters2018\/NRLRoosters2018.png",
        "michaelmyers": "HalloweenMovie_2018\/HalloweenMovie_2018.png",
        "budiponosan": "WorldCup_Croatia_v2\/WorldCup_Croatia_v2.png",
        "haypower": "PoweradeMXWorldCup\/PoweradeMXWorldCup.png",
        "シノアリス": "Sinoalice2018\/Sinoalice2018.png",
        "thepharaohs": "WorldCup_Egypt_v2\/WorldCup_Egypt_v2.png",
        "oamorvence": "TwitterOpen_Pride2018\/TwitterOpen_Pride2018.png",
        "tigrão": "ChristopherRobin_Tigger2018\/ChristopherRobin_Tigger2018.png",
        "milehighbasketball": "NBA_2017_18_DEN_v2\/NBA_2017_18_DEN_v2.png",
        "fútbolendirecto": "MEDIASET_Spain2018\/MEDIASET_Spain2018.png",
        "إفطار": "Ramadan2018_Iftar_v2\/Ramadan2018_Iftar_v2.png",
        "pride": "TwitterOpen_Pride2018\/TwitterOpen_Pride2018.png",
        "bronxnation": "NRLBroncos2018\/NRLBroncos2018.png",
        "votaméxico": "mexicanpresidentialelection2018\/mexicanpresidentialelection2018.png",
        "zabivaka": "WorldCup_Zabivaka\/WorldCup_Zabivaka.png",
        "srb": "WorldCup_Serbia_v2\/WorldCup_Serbia_v2.png",
        "supersuit": "Frozone\/Frozone.png",
        "animalesfantásticos": "fantasticbeasts_v3\/fantasticbeasts_v3.png",
        "onpoli": "OntarioElection2018\/OntarioElection2018.png",
        "hilanderos": "FeriaDelHilo\/FeriaDelHilo.png",
        "inuit": "IndigenousPeoplesDayCA_2018_v3\/IndigenousPeoplesDayCA_2018_v3.png",
        "suerteono": "La_Suerte_No_Juega_v2\/La_Suerte_No_Juega_v2.png",
        "ithra": "ArabLeadersSummit2018_v4\/ArabLeadersSummit2018_v4.png",
        "satc": "HBOSexandtheCity2018\/HBOSexandtheCity2018.png",
        "mtvaward": "MTVMovieAwards2018\/MTVMovieAwards2018.png",
        "comeonengland": "WorldCup_England_v2\/WorldCup_England_v2.png",
        "تبرعك_أسهل": "ZamzamSociety2018\/ZamzamSociety2018.png",
        "اقتصاد_الوقود": "SaudiEnergyEfficiencyCenter\/SaudiEnergyEfficiencyCenter.png",
        "رمضان_مبارك": "Ramadan2018_Main\/Ramadan2018_Main.png",
        "mundialenmediaset": "MEDIASET_Spain2018\/MEDIASET_Spain2018.png",
        "хрюня": "ChristopherRobin_Piglet2018\/ChristopherRobin_Piglet2018.png",
        "puremagic": "NBA_2017_18_ORL\/NBA_2017_18_ORL.png",
        "lamonja": "TheNunMovie_2018\/TheNunMovie_2018.png",
        "got7worldtour": "GOT7WORLDTOUR_2018\/GOT7WORLDTOUR_2018.png",
        "كامل_الأوصاف": "NewChanganCar2018\/NewChanganCar2018.png",
        "biobox": "FranceFleuryMichon\/FranceFleuryMichon.png",
        "letsgopadres": "SDPadres2018\/SDPadres2018.png",
        "バチェラー": "BachelorJapanS2_v2\/BachelorJapanS2_v2.png",
        "pan": "WorldCup_Panama_v2\/WorldCup_Panama_v2.png",
        "antmanetlaguêpe": "Disney_TheWasp_2018\/Disney_TheWasp_2018.png",
        "incredibles2": "incredibles2_v5\/incredibles2_v5.png",
        "heretocreate": "Adidas_HereToCreate_WorldCup2018\/Adidas_HereToCreate_WorldCup2018.png",
        "thelastogtbs": "lastOG_v2\/lastOG_v2.png",
        "ripcity": "NBA_2017_18_POR\/NBA_2017_18_POR.png",
        "detroitsummers": "DetroitTigers2018\/DetroitTigers2018.png",
        "mrincredibile": "MrIncredible\/MrIncredible.png",
        "frozono": "Frozone\/Frozone.png",
        "jarir_deliver": "Jarir2018\/Jarir2018.png",
        "스타워즈": "StarWarsSolo_HanSolo\/StarWarsSolo_HanSolo.png",
        "jamesbeardawards": "JamesBeardAwards2018\/JamesBeardAwards2018.png",
        "lakeshow": "NBA_2017_18_LAL\/NBA_2017_18_LAL.png",
        "thenunmovie": "TheNunMovie_2018\/TheNunMovie_2018.png",
        "amazonfiretvcube": "FireTVLaunch2018\/FireTVLaunch2018.png",
        "fastestfeet": "reebokflexweave_v2\/reebokflexweave_v2.png",
        "handsfreetv": "FireTVLaunch2018\/FireTVLaunch2018.png",
        "malibugames": "MalibuGamesSummer2018\/MalibuGamesSummer2018.png",
        "soarsupereagles": "WorldCup_Nigeria_v2\/WorldCup_Nigeria_v2.png",
        "esp": "WorldCup_Spain_v2\/WorldCup_Spain_v2.png",
        "onelxn": "OntarioElection2018\/OntarioElection2018.png",
        "ダブルウェアの出番": "EsteeLauder_DoubleWear\/EsteeLauder_DoubleWear.png",
        "ittakesobsession": "TranssionTecno2018\/TranssionTecno2018.png",
        "cro": "WorldCup_Croatia_v2\/WorldCup_Croatia_v2.png",
        "cmtaward": "CMTAwards2018_v2\/CMTAwards2018_v2.png",
        "green_falcons": "WorldCup_SaudiArabia_v2\/WorldCup_SaudiArabia_v2.png",
        "sheinspiresme": "HereWeAre_v3\/HereWeAre_v3.png",
        "винни": "ChristopherRobin_Pooh2018\/ChristopherRobin_Pooh2018.png",
        "discoverwestworld": "Westworld2MidSeason\/Westworld2MidSeason.png",
        "madetofly": "SuperNetball_MadetoFly\/SuperNetball_MadetoFly.png",
        "アズレングッズ": "JapanAzurlaneWeather\/JapanAzurlaneWeather.png",
        "divebartour": "BLDiveBar_v2\/BLDiveBar_v2.png",
        "gonswswifts": "SuperNetball_GoNSWSwifts\/SuperNetball_GoNSWSwifts.png",
        "howwillyousurvive": "StateofDecay2_HowWillYouSurvive\/StateofDecay2_HowWillYouSurvive.png",
        "mrsincredible": "MrsIncredible\/MrsIncredible.png",
        "torcedorfanático": "RexonaWorldCupEmoji\/RexonaWorldCupEmoji.png",
        "lastog": "lastOG_v2\/lastOG_v2.png",
        "boundbyblue": "AFLBoundbyBlue\/AFLBoundbyBlue.png",
        "matriline": "A24_Hereditary2018\/A24_Hereditary2018.png",
        "سحور": "Ramadan2018_Iftar_v2\/Ramadan2018_Iftar_v2.png",
        "impossiblepossible": "impossiblepossiblebreyers\/impossiblepossiblebreyers.png",
        "lifefindsaway": "Jurassic_World_emoji_v3\/Jurassic_World_emoji_v3.png",
        "هيئة_الترفيه": "GeneralEntertainmentAuthority2018_v2\/GeneralEntertainmentAuthority2018_v2.png",
        "tmltalk": "NHL_2017_2018_MapleLeafs_v2\/NHL_2017_2018_MapleLeafs_v2.png",
        "قيمنا_معا": "MiskValues2018\/MiskValues2018.png",
        "diemannschaft": "WorldCup_Germany_v2\/WorldCup_Germany_v2.png",
        "nissanleaf": "NissanESLeaf2018\/NissanESLeaf2018.png",
        "2018투표하세요": "KoreanLocalElections2018\/KoreanLocalElections2018.png",
        "キリンレモン": "KirinLemon90thAnniversary_2018\/KirinLemon90thAnniversary_2018.png",
        "갓세븐": "GOT7WORLDTOUR_2018\/GOT7WORLDTOUR_2018.png",
        "raisedroyal": "kcroyals2018\/kcroyals2018.png",
        "クリーム玄米ブラン総選挙": "AsahiGroupFoods\/AsahiGroupFoods.png",
        "nbafinals": "NBAFinals2018\/NBAFinals2018.png",
        "raysup": "TampaBayRays2018\/TampaBayRays2018.png",
        "weareraiders": "NRLraiders2018\/NRLraiders2018.png",
        "maythe4th": "StarWarsSolo_Chewie_v2\/StarWarsSolo_Chewie_v2.png",
        "بطل_جنب_بطله": "HeroNextToHero_v2\/HeroNextToHero_v2.png",
        "arg": "WorldCup_Argentina_v2\/WorldCup_Argentina_v2.png",
        "uptheblues": "StateofOriginAU_2018_uptheblues\/StateofOriginAU_2018_uptheblues.png",
        "truetotheblue": "SeattleMariners2018\/SeattleMariners2018.png",
        "ednamode": "Ednamode_v3\/Ednamode_v3.png",
        "amorésamor": "TwitterOpen_Pride2018\/TwitterOpen_Pride2018.png",
        "superfly": "SuperflyMovie2018\/SuperflyMovie2018.png",
        "honor10": "HuaweiHonorQ2GlobalLaunch_v2\/HuaweiHonorQ2GlobalLaunch_v2.png",
        "فانوس_رمضان": "Ramadan2018_Lantern_v2\/Ramadan2018_Lantern_v2.png",
        "pipercoin": "SiliconValleyHBO2018\/SiliconValleyHBO2018.png",
        "lando": "StarWarsSolo_Lando\/StarWarsSolo_Lando.png",
        "хансоло": "StarWarsSolo_HanSolo\/StarWarsSolo_HanSolo.png",
        "bestneverrest": "MercedesGermany_BestNeverRest\/MercedesGermany_BestNeverRest.png",
        "laguêpe": "Disney_TheWasp_2018\/Disney_TheWasp_2018.png",
        "aceshigh": "FranceBlizzardOWL_London\/FranceBlizzardOWL_London.png",
        "لنحياها": "MiskValues2018\/MiskValues2018.png",
        "brose": "NationalRoseDay2018\/NationalRoseDay2018.png",
        "persiannewyear": "nowruz2018_v4\/nowruz2018_v4.png",
        "stlcards": "StLouisCardinals2018\/StLouisCardinals2018.png",
        "itscominghome": "WilliamHillWorldCup2018\/WilliamHillWorldCup2018.png",
        "satanicgrandmas": "A24_Hereditary2018\/A24_Hereditary2018.png",
        "brosé": "NationalRoseDay2018\/NationalRoseDay2018.png",
        "фантастическиетвари": "fantasticbeasts_v3\/fantasticbeasts_v3.png",
        "clamatomichelada": "Clamato_2018\/Clamato_2018.png",
        "lauriestrode": "HalloweenMovie_2018\/HalloweenMovie_2018.png",
        "por": "WorldCup_Portugal_v2\/WorldCup_Portugal_v2.png",
        "كن_سباقا_لعلاج_المرضى_الفقراء": "ZamzamSociety2018\/ZamzamSociety2018.png",
        "elamorgana": "TwitterOpen_Pride2018\/TwitterOpen_Pride2018.png",
        "whitesox": "whitesox2018\/whitesox2018.png",
        "webringthunder": "SuperNetball_webringthunder\/SuperNetball_webringthunder.png",
        "myvimto": "Vimto2018\/Vimto2018.png",
        "bra": "WorldCup_Brazil_v2\/WorldCup_Brazil_v2.png",
        "yourodds": "WilliamHillWorldCup2018\/WilliamHillWorldCup2018.png",
        "antmanylaavispa": "Disney_TheWasp_2018\/Disney_TheWasp_2018.png",
        "birdland": "orioles2018_v2\/orioles2018_v2.png",
        "父の日": "FathersDay2018\/FathersDay2018.png",
        "アナザーエデン": "catemoji_v2\/catemoji_v2.png",
        "pinstripepride": "NYYankees2018\/NYYankees2018.png",
        "hagamosqueocurra": "WorldCup_Spain_v2\/WorldCup_Spain_v2.png",
        "86aids": "REDEmoji2018\/REDEmoji2018.png",
        "hilanderas": "FeriaDelHilo\/FeriaDelHilo.png",
        "swe": "WorldCup_Sweden_v2\/WorldCup_Sweden_v2.png",
        "طيران_ناس": "Flynas2018_v2\/Flynas2018_v2.png",
        "todoestaporver": "vodafone2018\/vodafone2018.png",
        "studentsstandup": "Parkland_Extension\/Parkland_Extension.png",
        "espejopúblico": "EspejoPublico_2017_2018\/EspejoPublico_2017_2018.png",
        "كفاءة_الطاقة": "SaudiEnergyEfficiencyCenter\/SaudiEnergyEfficiencyCenter.png",
        "thehaloway": "LAAngels2018\/LAAngels2018.png",
        "masunidosquenunca": "CristalPeruMundial\/CristalPeruMundial.png",
        "axenolollabr": "AxeLollapalooza\/AxeLollapalooza.png",
        "あなたの思いをそのまま聞かせて": "Adsforgood_Japan2018_v2\/Adsforgood_Japan2018_v2.png",
        "fra": "WorldCup_France_v2\/WorldCup_France_v2.png",
        "marvelantmanandthewasp": "Disney_TheWasp_2018\/Disney_TheWasp_2018.png",
        "dieunglaublichen2": "incredibles2_v5\/incredibles2_v5.png",
        "allforteammelli": "WorldCup_Iran_v2\/WorldCup_Iran_v2.png",
        "ความรักชนะ": "TwitterOpen_Pride2018\/TwitterOpen_Pride2018.png",
        "alleyesnorth": "NBA_2017_18_MIN\/NBA_2017_18_MIN.png",
        "ramadhan": "Ramadan2018_Main\/Ramadan2018_Main.png",
        "мистерисключительный": "MrIncredible\/MrIncredible.png",
        "afreirafilme": "TheNunMovie_2018\/TheNunMovie_2018.png",
        "itstigger": "ChristopherRobin_Tigger2018\/ChristopherRobin_Tigger2018.png"
    },
    "pollingOptions": {
        "focusedInterval": 10000,
        "blurredInterval": 100000,
        "backoffFactor": 2,
        "backoffEmptyResponseLimit": 2,
        "pauseAfterBackoff": true,
        "resumeItemCount": 100,
        "pauseItemCount": 20
    },
    "injectComposedTweets": true,
    "timeline_url": "\/i\/timeline",
    "show_sms_confirmation_dialog": false,
    "profileEditingCSSBundle": "https:\/\/abs.twimg.com\/a\/1528780334\/css\/t1\/nightmode_twitter_profile_editing.bundle.css",
    "liveVideoContinuePlayingBehindModalsEnabled": true,
    "timelineCacheTTLMillis": 60000,
    "trendsCacheKey": "9338a11c7c",
    "decider_personalized_trends": true,
    "trendsEndpoint": "\/i\/trends",
    "wtfOptions": {
        "pc": true,
        "connections": true,
        "limit": 3,
        "display_location": "wtf-component",
        "dismissable": true,
        "disabled": false
    },
    "inlineTweetComposeEnabled": false,
    "inlineTweetComposeOptions": {
        "text": null
    },
    "smartNuxEnabled": false,
    "liveVideo": {
        "enabled": true,
        "pollingEnabled": true,
        "stateRefreshIntervalInSeconds": 300
    },
    "videoGuide": {
        "enabled": false,
        "isPollingEnabled": false,
        "isStatePollingEnabled": false,
        "statePollingIntervalInSeconds": 60,
        "pollingIntervalInSeconds": 300
    },
    "anchoredSidebars": {
        "enabled": false
    },
    "initialState": {
        "title": "Twitter",
        "section": "home",
        "module": "app\/pages\/home",
        "cache_ttl": 300,
        "body_class_names": "three-col logged-in user-style-BlockchainKai ms-windows enhanced-mini-profile",
        "doc_class_names": "route-home",
        "route_name": "home",
        "page_container_class_names": "AppContent wrapper wrapper-home",
        "ttft_navigation": false
    }
}